serum,virus,replicate,concentration,fraction infectivity,date
pre-pandemic,mock,1,0.04,1.045,2021-06-10
pre-pandemic,mock,1,0.01,0.9724,2021-06-10
pre-pandemic,mock,1,0.0025,1.019,2021-06-10
pre-pandemic,mock,1,0.000625,1.004,2021-06-10
pre-pandemic,mock,1,0.0001563,0.8126,2021-06-10
pre-pandemic,mock,1,3.906e-05,0.8448,2021-06-10
pre-pandemic,mock,1,9.766e-06,0.9953,2021-06-10
pre-pandemic,mock,1,2.441e-06,1.058,2021-06-10
pre-pandemic,mock,2,0.04,0.953,2021-06-10
pre-pandemic,mock,2,0.01,0.9011,2021-06-10
pre-pandemic,mock,2,0.0025,0.9656,2021-06-10
pre-pandemic,mock,2,0.000625,0.9157,2021-06-10
pre-pandemic,mock,2,0.0001563,0.7852,2021-06-10
pre-pandemic,mock,2,3.906e-05,0.7718,2021-06-10
pre-pandemic,mock,2,9.766e-06,0.8861,2021-06-10
pre-pandemic,mock,2,2.441e-06,0.9912,2021-06-10
K006,mock,1,0.04,0.8858,2021-06-10
K006,mock,1,0.01,0.8851,2021-06-10
K006,mock,1,0.0025,1.01,2021-06-10
K006,mock,1,0.000625,0.7884,2021-06-10
K006,mock,1,0.0001563,0.8066,2021-06-10
K006,mock,1,3.906e-05,0.8622,2021-06-10
K006,mock,1,9.766e-06,1.043,2021-06-10
K006,mock,1,2.441e-06,1.017,2021-06-10
K006,mock,2,0.04,1.06,2021-06-10
K006,mock,2,0.01,0.8765,2021-06-10
K006,mock,2,0.0025,1.071,2021-06-10
K006,mock,2,0.000625,0.8815,2021-06-10
K006,mock,2,0.0001563,0.8542,2021-06-10
K006,mock,2,3.906e-05,0.7609,2021-06-10
K006,mock,2,9.766e-06,1.022,2021-06-10
K006,mock,2,2.441e-06,1.107,2021-06-10
K119,mock,1,0.04,0.002598,2021-06-10
K119,mock,1,0.01,0.01269,2021-06-10
K119,mock,1,0.0025,0.04379,2021-06-10
K119,mock,1,0.000625,0.2778,2021-06-10
K119,mock,1,0.0001563,0.5166,2021-06-10
K119,mock,1,3.906e-05,0.637,2021-06-10
K119,mock,1,9.766e-06,1.131,2021-06-10
K119,mock,1,2.441e-06,1.039,2021-06-10
K119,mock,2,0.04,-1.534e-05,2021-06-10
K119,mock,2,0.01,0.005559,2021-06-10
K119,mock,2,0.0025,0.01735,2021-06-10
K119,mock,2,0.000625,0.2637,2021-06-10
K119,mock,2,0.0001563,0.6706,2021-06-10
K119,mock,2,3.906e-05,0.7834,2021-06-10
K119,mock,2,9.766e-06,1.027,2021-06-10
K119,mock,2,2.441e-06,0.9514,2021-06-10
K119,RBD antibodies depleted,1,0.04,0.05677,2021-06-10
K119,RBD antibodies depleted,1,0.01,0.3188,2021-06-10
K119,RBD antibodies depleted,1,0.0025,0.9589,2021-06-10
K119,RBD antibodies depleted,1,0.000625,1.181,2021-06-10
K119,RBD antibodies depleted,1,0.0001563,1.014,2021-06-10
K119,RBD antibodies depleted,1,3.906e-05,0.7762,2021-06-10
K119,RBD antibodies depleted,1,9.766e-06,0.9997,2021-06-10
K119,RBD antibodies depleted,1,2.441e-06,1.076,2021-06-10
K119,RBD antibodies depleted,2,0.04,0.07185,2021-06-10
K119,RBD antibodies depleted,2,0.01,0.3948,2021-06-10
K119,RBD antibodies depleted,2,0.0025,0.9397,2021-06-10
K119,RBD antibodies depleted,2,0.000625,1.145,2021-06-10
K119,RBD antibodies depleted,2,0.0001563,0.7562,2021-06-10
K119,RBD antibodies depleted,2,3.906e-05,0.8521,2021-06-10
K119,RBD antibodies depleted,2,9.766e-06,0.8968,2021-06-10
K119,RBD antibodies depleted,2,2.441e-06,1.081,2021-06-10
K116,mock,1,0.04,0.6947,2021-06-10
K116,mock,1,0.01,0.7214,2021-06-10
K116,mock,1,0.0025,0.829,2021-06-10
K116,mock,1,0.000625,1.269,2021-06-10
K116,mock,1,0.0001563,1.08,2021-06-10
K116,mock,1,3.906e-05,0.8859,2021-06-10
K116,mock,1,9.766e-06,0.9574,2021-06-10
K116,mock,1,2.441e-06,1.063,2021-06-10
K116,mock,2,0.04,0.6185,2021-06-10
K116,mock,2,0.01,0.9806,2021-06-10
K116,mock,2,0.0025,0.8764,2021-06-10
K116,mock,2,0.000625,1.007,2021-06-10
K116,mock,2,0.0001563,0.8936,2021-06-10
K116,mock,2,3.906e-05,0.6902,2021-06-10
K116,mock,2,9.766e-06,0.8707,2021-06-10
K116,mock,2,2.441e-06,0.9639,2021-06-10
K116,RBD antibodies depleted,1,0.04,1.047,2021-06-10
K116,RBD antibodies depleted,1,0.01,1.34,2021-06-10
K116,RBD antibodies depleted,1,0.0025,1.212,2021-06-10
K116,RBD antibodies depleted,1,0.000625,0.9917,2021-06-10
K116,RBD antibodies depleted,1,0.0001563,1.046,2021-06-10
K116,RBD antibodies depleted,1,3.906e-05,0.9586,2021-06-10
K116,RBD antibodies depleted,1,9.766e-06,0.7856,2021-06-10
K116,RBD antibodies depleted,1,2.441e-06,1.081,2021-06-10
K116,RBD antibodies depleted,2,0.04,0.7645,2021-06-10
K116,RBD antibodies depleted,2,0.01,1.431,2021-06-10
K116,RBD antibodies depleted,2,0.0025,1.145,2021-06-10
K116,RBD antibodies depleted,2,0.000625,1.077,2021-06-10
K116,RBD antibodies depleted,2,0.0001563,0.9805,2021-06-10
K116,RBD antibodies depleted,2,3.906e-05,1.008,2021-06-10
K116,RBD antibodies depleted,2,9.766e-06,1.024,2021-06-10
K116,RBD antibodies depleted,2,2.441e-06,0.8117,2021-06-10
REGN10987 (spike-in),mock,1,0.25,0.05025,2021-06-10
REGN10987 (spike-in),mock,1,0.0625,0.07635,2021-06-10
REGN10987 (spike-in),mock,1,0.01562,0.278,2021-06-10
REGN10987 (spike-in),mock,1,0.003906,0.6353,2021-06-10
REGN10987 (spike-in),mock,1,0.0009766,0.9069,2021-06-10
REGN10987 (spike-in),mock,1,0.0002441,0.6164,2021-06-10
REGN10987 (spike-in),mock,1,6.104e-05,1.024,2021-06-10
REGN10987 (spike-in),mock,1,1.526e-05,0.8949,2021-06-10
REGN10987 (spike-in),mock,2,0.25,0.08395,2021-06-10
REGN10987 (spike-in),mock,2,0.0625,0.1354,2021-06-10
REGN10987 (spike-in),mock,2,0.01562,0.2594,2021-06-10
REGN10987 (spike-in),mock,2,0.003906,0.7138,2021-06-10
REGN10987 (spike-in),mock,2,0.0009766,0.9765,2021-06-10
REGN10987 (spike-in),mock,2,0.0002441,0.8907,2021-06-10
REGN10987 (spike-in),mock,2,6.104e-05,0.8888,2021-06-10
REGN10987 (spike-in),mock,2,1.526e-05,0.8911,2021-06-10
REGN10987 (spike-in),RBD antibodies depleted,1,0.25,1.035,2021-06-10
REGN10987 (spike-in),RBD antibodies depleted,1,0.0625,0.8652,2021-06-10
REGN10987 (spike-in),RBD antibodies depleted,1,0.01562,0.8709,2021-06-10
REGN10987 (spike-in),RBD antibodies depleted,1,0.003906,0.799,2021-06-10
REGN10987 (spike-in),RBD antibodies depleted,1,0.0009766,0.8935,2021-06-10
REGN10987 (spike-in),RBD antibodies depleted,1,0.0002441,0.8398,2021-06-10
REGN10987 (spike-in),RBD antibodies depleted,1,6.104e-05,0.8296,2021-06-10
REGN10987 (spike-in),RBD antibodies depleted,1,1.526e-05,0.9099,2021-06-10
REGN10987 (spike-in),RBD antibodies depleted,2,0.25,0.9103,2021-06-10
REGN10987 (spike-in),RBD antibodies depleted,2,0.0625,0.9086,2021-06-10
REGN10987 (spike-in),RBD antibodies depleted,2,0.01562,0.7313,2021-06-10
REGN10987 (spike-in),RBD antibodies depleted,2,0.003906,1.052,2021-06-10
REGN10987 (spike-in),RBD antibodies depleted,2,0.0009766,0.9892,2021-06-10
REGN10987 (spike-in),RBD antibodies depleted,2,0.0002441,0.9096,2021-06-10
REGN10987 (spike-in),RBD antibodies depleted,2,6.104e-05,0.8257,2021-06-10
REGN10987 (spike-in),RBD antibodies depleted,2,1.526e-05,0.8419,2021-06-10
K114,mock,1,0.04,-1.296e-05,2021-06-10
K114,mock,1,0.01,0.02761,2021-06-10
K114,mock,1,0.0025,0.1708,2021-06-10
K114,mock,1,0.000625,0.6723,2021-06-10
K114,mock,1,0.0001563,1.121,2021-06-10
K114,mock,1,3.906e-05,0.8905,2021-06-10
K114,mock,1,9.766e-06,1.187,2021-06-10
K114,mock,1,2.441e-06,0.9235,2021-06-10
K114,mock,2,0.04,9.582e-06,2021-06-10
K114,mock,2,0.01,0.02322,2021-06-10
K114,mock,2,0.0025,0.1341,2021-06-10
K114,mock,2,0.000625,0.5768,2021-06-10
K114,mock,2,0.0001563,0.9686,2021-06-10
K114,mock,2,3.906e-05,0.8894,2021-06-10
K114,mock,2,9.766e-06,1.269,2021-06-10
K114,mock,2,2.441e-06,1.001,2021-06-10
K114,RBD antibodies depleted,1,0.04,0.2529,2021-06-10
K114,RBD antibodies depleted,1,0.01,0.7702,2021-06-10
K114,RBD antibodies depleted,1,0.0025,1.223,2021-06-10
K114,RBD antibodies depleted,1,0.000625,1.378,2021-06-10
K114,RBD antibodies depleted,1,0.0001563,0.8926,2021-06-10
K114,RBD antibodies depleted,1,3.906e-05,0.8956,2021-06-10
K114,RBD antibodies depleted,1,9.766e-06,0.9754,2021-06-10
K114,RBD antibodies depleted,1,2.441e-06,0.9754,2021-06-10
K114,RBD antibodies depleted,2,0.04,0.25,2021-06-10
K114,RBD antibodies depleted,2,0.01,0.832,2021-06-10
K114,RBD antibodies depleted,2,0.0025,1.027,2021-06-10
K114,RBD antibodies depleted,2,0.000625,1.222,2021-06-10
K114,RBD antibodies depleted,2,0.0001563,1.13,2021-06-10
K114,RBD antibodies depleted,2,3.906e-05,1.033,2021-06-10
K114,RBD antibodies depleted,2,9.766e-06,0.9939,2021-06-10
K114,RBD antibodies depleted,2,2.441e-06,1.048,2021-06-10
K115,mock,1,0.04,0.04238,2021-06-10
K115,mock,1,0.01,0.2286,2021-06-10
K115,mock,1,0.0025,0.6862,2021-06-10
K115,mock,1,0.000625,0.8955,2021-06-10
K115,mock,1,0.0001563,0.925,2021-06-10
K115,mock,1,3.906e-05,0.8142,2021-06-10
K115,mock,1,9.766e-06,0.9891,2021-06-10
K115,mock,1,2.441e-06,0.914,2021-06-10
K115,mock,2,0.04,0.02794,2021-06-10
K115,mock,2,0.01,0.1883,2021-06-10
K115,mock,2,0.0025,0.6437,2021-06-10
K115,mock,2,0.000625,0.9149,2021-06-10
K115,mock,2,0.0001563,0.8241,2021-06-10
K115,mock,2,3.906e-05,0.9365,2021-06-10
K115,mock,2,9.766e-06,1.032,2021-06-10
K115,mock,2,2.441e-06,0.8199,2021-06-10
K115,RBD antibodies depleted,1,0.04,0.09198,2021-06-10
K115,RBD antibodies depleted,1,0.01,0.8593,2021-06-10
K115,RBD antibodies depleted,1,0.0025,1.436,2021-06-10
K115,RBD antibodies depleted,1,0.000625,1.285,2021-06-10
K115,RBD antibodies depleted,1,0.0001563,0.9776,2021-06-10
K115,RBD antibodies depleted,1,3.906e-05,0.8408,2021-06-10
K115,RBD antibodies depleted,1,9.766e-06,0.9618,2021-06-10
K115,RBD antibodies depleted,1,2.441e-06,1.13,2021-06-10
K115,RBD antibodies depleted,2,0.04,0.1149,2021-06-10
K115,RBD antibodies depleted,2,0.01,0.8485,2021-06-10
K115,RBD antibodies depleted,2,0.0025,1.35,2021-06-10
K115,RBD antibodies depleted,2,0.000625,1.209,2021-06-10
K115,RBD antibodies depleted,2,0.0001563,0.9666,2021-06-10
K115,RBD antibodies depleted,2,3.906e-05,1,2021-06-10
K115,RBD antibodies depleted,2,9.766e-06,0.9124,2021-06-10
K115,RBD antibodies depleted,2,2.441e-06,1.044,2021-06-10
K041,mock,1,0.04,-1.78e-05,2021-06-10
K041,mock,1,0.01,0.007326,2021-06-10
K041,mock,1,0.0025,0.05201,2021-06-10
K041,mock,1,0.000625,0.399,2021-06-10
K041,mock,1,0.0001563,0.8409,2021-06-10
K041,mock,1,3.906e-05,0.9208,2021-06-10
K041,mock,1,9.766e-06,1.027,2021-06-10
K041,mock,1,2.441e-06,0.9494,2021-06-10
K041,mock,2,0.04,-2.374e-05,2021-06-10
K041,mock,2,0.01,0.003467,2021-06-10
K041,mock,2,0.0025,0.05986,2021-06-10
K041,mock,2,0.000625,0.3277,2021-06-10
K041,mock,2,0.0001563,0.7825,2021-06-10
K041,mock,2,3.906e-05,0.8229,2021-06-10
K041,mock,2,9.766e-06,0.9152,2021-06-10
K041,mock,2,2.441e-06,0.9498,2021-06-10
K041,RBD antibodies depleted,1,0.04,0.05729,2021-06-10
K041,RBD antibodies depleted,1,0.01,0.5502,2021-06-10
K041,RBD antibodies depleted,1,0.0025,0.8138,2021-06-10
K041,RBD antibodies depleted,1,0.000625,1.187,2021-06-10
K041,RBD antibodies depleted,1,0.0001563,1.043,2021-06-10
K041,RBD antibodies depleted,1,3.906e-05,0.9184,2021-06-10
K041,RBD antibodies depleted,1,9.766e-06,1.056,2021-06-10
K041,RBD antibodies depleted,1,2.441e-06,0.8246,2021-06-10
K041,RBD antibodies depleted,2,0.04,0.07889,2021-06-10
K041,RBD antibodies depleted,2,0.01,0.4898,2021-06-10
K041,RBD antibodies depleted,2,0.0025,0.9062,2021-06-10
K041,RBD antibodies depleted,2,0.000625,1.513,2021-06-10
K041,RBD antibodies depleted,2,0.0001563,0.9081,2021-06-10
K041,RBD antibodies depleted,2,3.906e-05,0.9868,2021-06-10
K041,RBD antibodies depleted,2,9.766e-06,1.042,2021-06-10
K041,RBD antibodies depleted,2,2.441e-06,0.8789,2021-06-10
K046,mock,1,0.04,-5.934e-06,2021-06-10
K046,mock,1,0.01,0.02782,2021-06-10
K046,mock,1,0.0025,0.05714,2021-06-10
K046,mock,1,0.000625,0.592,2021-06-10
K046,mock,1,0.0001563,0.8264,2021-06-10
K046,mock,1,3.906e-05,1.066,2021-06-10
K046,mock,1,9.766e-06,0.8536,2021-06-10
K046,mock,1,2.441e-06,0.8905,2021-06-10
K046,mock,2,0.04,-1.187e-05,2021-06-10
K046,mock,2,0.01,0.02058,2021-06-10
K046,mock,2,0.0025,0.01224,2021-06-10
K046,mock,2,0.000625,0.4336,2021-06-10
K046,mock,2,0.0001563,0.8576,2021-06-10
K046,mock,2,3.906e-05,1.057,2021-06-10
K046,mock,2,9.766e-06,1.038,2021-06-10
K046,mock,2,2.441e-06,0.877,2021-06-10
K046,RBD antibodies depleted,1,0.04,0.008207,2021-06-10
K046,RBD antibodies depleted,1,0.01,0.2144,2021-06-10
K046,RBD antibodies depleted,1,0.0025,0.7146,2021-06-10
K046,RBD antibodies depleted,1,0.000625,1.093,2021-06-10
K046,RBD antibodies depleted,1,0.0001563,1.079,2021-06-10
K046,RBD antibodies depleted,1,3.906e-05,1.02,2021-06-10
K046,RBD antibodies depleted,1,9.766e-06,0.9122,2021-06-10
K046,RBD antibodies depleted,1,2.441e-06,0.9427,2021-06-10
K046,RBD antibodies depleted,2,0.04,0.006237,2021-06-10
K046,RBD antibodies depleted,2,0.01,0.229,2021-06-10
K046,RBD antibodies depleted,2,0.0025,0.5848,2021-06-10
K046,RBD antibodies depleted,2,0.000625,1.238,2021-06-10
K046,RBD antibodies depleted,2,0.0001563,1.116,2021-06-10
K046,RBD antibodies depleted,2,3.906e-05,1.003,2021-06-10
K046,RBD antibodies depleted,2,9.766e-06,0.9422,2021-06-10
K046,RBD antibodies depleted,2,2.441e-06,0.8408,2021-06-10
K033,mock,1,0.04,7.202e-06,2021-06-10
K033,mock,1,0.01,-1.543e-05,2021-06-10
K033,mock,1,0.0025,0.04693,2021-06-10
K033,mock,1,0.000625,0.2287,2021-06-10
K033,mock,1,0.0001563,0.7016,2021-06-10
K033,mock,1,3.906e-05,0.8628,2021-06-10
K033,mock,1,9.766e-06,0.8502,2021-06-10
K033,mock,1,2.441e-06,0.9825,2021-06-10
K033,mock,2,0.04,1.681e-05,2021-06-10
K033,mock,2,0.01,0.0004043,2021-06-10
K033,mock,2,0.0025,0.01637,2021-06-10
K033,mock,2,0.000625,0.2117,2021-06-10
K033,mock,2,0.0001563,0.5126,2021-06-10
K033,mock,2,3.906e-05,0.916,2021-06-10
K033,mock,2,9.766e-06,0.9659,2021-06-10
K033,mock,2,2.441e-06,1.028,2021-06-10
K033,RBD antibodies depleted,1,0.04,0.025,2021-06-10
K033,RBD antibodies depleted,1,0.01,0.2271,2021-06-10
K033,RBD antibodies depleted,1,0.0025,0.4949,2021-06-10
K033,RBD antibodies depleted,1,0.000625,0.7399,2021-06-10
K033,RBD antibodies depleted,1,0.0001563,0.907,2021-06-10
K033,RBD antibodies depleted,1,3.906e-05,0.8141,2021-06-10
K033,RBD antibodies depleted,1,9.766e-06,0.9655,2021-06-10
K033,RBD antibodies depleted,1,2.441e-06,0.8799,2021-06-10
K033,RBD antibodies depleted,2,0.04,0.02964,2021-06-10
K033,RBD antibodies depleted,2,0.01,0.1687,2021-06-10
K033,RBD antibodies depleted,2,0.0025,0.5889,2021-06-10
K033,RBD antibodies depleted,2,0.000625,0.8996,2021-06-10
K033,RBD antibodies depleted,2,0.0001563,1.336,2021-06-10
K033,RBD antibodies depleted,2,3.906e-05,0.9511,2021-06-10
K033,RBD antibodies depleted,2,9.766e-06,0.8686,2021-06-10
K033,RBD antibodies depleted,2,2.441e-06,0.9221,2021-06-10
K040,mock,1,0.04,-2.641e-05,2021-06-10
K040,mock,1,0.01,0.0006203,2021-06-10
K040,mock,1,0.0025,0.0361,2021-06-10
K040,mock,1,0.000625,0.2074,2021-06-10
K040,mock,1,0.0001563,0.8048,2021-06-10
K040,mock,1,3.906e-05,0.8768,2021-06-10
K040,mock,1,9.766e-06,1.029,2021-06-10
K040,mock,1,2.441e-06,0.84,2021-06-10
K040,mock,2,0.04,7.202e-06,2021-06-10
K040,mock,2,0.01,1.543e-05,2021-06-10
K040,mock,2,0.0025,0.01081,2021-06-10
K040,mock,2,0.000625,0.2412,2021-06-10
K040,mock,2,0.0001563,0.72,2021-06-10
K040,mock,2,3.906e-05,0.867,2021-06-10
K040,mock,2,9.766e-06,1.058,2021-06-10
K040,mock,2,2.441e-06,0.9553,2021-06-10
K040,RBD antibodies depleted,1,0.04,0.09476,2021-06-10
K040,RBD antibodies depleted,1,0.01,0.3798,2021-06-10
K040,RBD antibodies depleted,1,0.0025,0.7089,2021-06-10
K040,RBD antibodies depleted,1,0.000625,0.9141,2021-06-10
K040,RBD antibodies depleted,1,0.0001563,1.064,2021-06-10
K040,RBD antibodies depleted,1,3.906e-05,0.9039,2021-06-10
K040,RBD antibodies depleted,1,9.766e-06,0.9489,2021-06-10
K040,RBD antibodies depleted,1,2.441e-06,0.7614,2021-06-10
K040,RBD antibodies depleted,2,0.04,0.05163,2021-06-10
K040,RBD antibodies depleted,2,0.01,0.3022,2021-06-10
K040,RBD antibodies depleted,2,0.0025,0.5502,2021-06-10
K040,RBD antibodies depleted,2,0.000625,0.8812,2021-06-10
K040,RBD antibodies depleted,2,0.0001563,0.9871,2021-06-10
K040,RBD antibodies depleted,2,3.906e-05,0.8514,2021-06-10
K040,RBD antibodies depleted,2,9.766e-06,0.9513,2021-06-10
K040,RBD antibodies depleted,2,2.441e-06,0.761,2021-06-10
K007,mock,1,0.04,3.841e-05,2021-06-10
K007,mock,1,0.01,0.002017,2021-06-10
K007,mock,1,0.0025,0.05255,2021-06-10
K007,mock,1,0.000625,0.3313,2021-06-10
K007,mock,1,0.0001563,0.9726,2021-06-10
K007,mock,1,3.906e-05,0.9657,2021-06-10
K007,mock,1,9.766e-06,1.177,2021-06-10
K007,mock,1,2.441e-06,0.9455,2021-06-10
K007,mock,2,0.04,2.259e-06,2021-06-10
K007,mock,2,0.01,0.002723,2021-06-10
K007,mock,2,0.0025,0.07376,2021-06-10
K007,mock,2,0.000625,0.3207,2021-06-10
K007,mock,2,0.0001563,0.9745,2021-06-10
K007,mock,2,3.906e-05,0.896,2021-06-10
K007,mock,2,9.766e-06,0.856,2021-06-10
K007,mock,2,2.441e-06,0.9494,2021-06-10
K007,RBD antibodies depleted,1,0.04,0.1475,2021-06-10
K007,RBD antibodies depleted,1,0.01,0.6189,2021-06-10
K007,RBD antibodies depleted,1,0.0025,1.293,2021-06-10
K007,RBD antibodies depleted,1,0.000625,1.223,2021-06-10
K007,RBD antibodies depleted,1,0.0001563,0.9701,2021-06-10
K007,RBD antibodies depleted,1,3.906e-05,0.9179,2021-06-10
K007,RBD antibodies depleted,1,9.766e-06,0.957,2021-06-10
K007,RBD antibodies depleted,1,2.441e-06,1.053,2021-06-10
K007,RBD antibodies depleted,2,0.04,0.1275,2021-06-10
K007,RBD antibodies depleted,2,0.01,0.4211,2021-06-10
K007,RBD antibodies depleted,2,0.0025,1.325,2021-06-10
K007,RBD antibodies depleted,2,0.000625,1.229,2021-06-10
K007,RBD antibodies depleted,2,0.0001563,1.048,2021-06-10
K007,RBD antibodies depleted,2,3.906e-05,0.8453,2021-06-10
K007,RBD antibodies depleted,2,9.766e-06,0.8447,2021-06-10
K007,RBD antibodies depleted,2,2.441e-06,1.046,2021-06-10
K031,mock,1,0.04,0.0007252,2021-06-10
K031,mock,1,0.01,0.01075,2021-06-10
K031,mock,1,0.0025,0.01782,2021-06-10
K031,mock,1,0.000625,0.4765,2021-06-10
K031,mock,1,0.0001563,0.8514,2021-06-10
K031,mock,1,3.906e-05,0.7823,2021-06-10
K031,mock,1,9.766e-06,0.8587,2021-06-10
K031,mock,1,2.441e-06,0.8766,2021-06-10
K031,mock,2,0.04,8.359e-05,2021-06-10
K031,mock,2,0.01,0.0316,2021-06-10
K031,mock,2,0.0025,0.05116,2021-06-10
K031,mock,2,0.000625,0.2021,2021-06-10
K031,mock,2,0.0001563,0.7024,2021-06-10
K031,mock,2,3.906e-05,0.78,2021-06-10
K031,mock,2,9.766e-06,0.8975,2021-06-10
K031,mock,2,2.441e-06,0.9152,2021-06-10
K031,RBD antibodies depleted,1,0.04,-2.259e-06,2021-06-10
K031,RBD antibodies depleted,1,0.01,0.1008,2021-06-10
K031,RBD antibodies depleted,1,0.0025,1.016,2021-06-10
K031,RBD antibodies depleted,1,0.000625,1.452,2021-06-10
K031,RBD antibodies depleted,1,0.0001563,1.258,2021-06-10
K031,RBD antibodies depleted,1,3.906e-05,0.9009,2021-06-10
K031,RBD antibodies depleted,1,9.766e-06,0.834,2021-06-10
K031,RBD antibodies depleted,1,2.441e-06,0.8825,2021-06-10
K031,RBD antibodies depleted,2,0.04,0.0001243,2021-06-10
K031,RBD antibodies depleted,2,0.01,0.1387,2021-06-10
K031,RBD antibodies depleted,2,0.0025,0.787,2021-06-10
K031,RBD antibodies depleted,2,0.000625,1.152,2021-06-10
K031,RBD antibodies depleted,2,0.0001563,1.084,2021-06-10
K031,RBD antibodies depleted,2,3.906e-05,0.936,2021-06-10
K031,RBD antibodies depleted,2,9.766e-06,1.085,2021-06-10
K031,RBD antibodies depleted,2,2.441e-06,1.022,2021-06-10
K007,B.1.351,1,0.04,-4.698e-07,2021-08-20
K007,B.1.351,1,0.01333,-6.687e-07,2021-08-20
K007,B.1.351,1,0.004444,0.0258,2021-08-20
K007,B.1.351,1,0.001481,0.1654,2021-08-20
K007,B.1.351,1,0.0004938,0.4919,2021-08-20
K007,B.1.351,1,0.0001646,0.7007,2021-08-20
K007,B.1.351,1,5.487e-05,0.7983,2021-08-20
K007,B.1.351,1,1.829e-05,0.8366,2021-08-20
K007,B.1.351,2,0.04,-4.698e-07,2021-08-20
K007,B.1.351,2,0.01333,0.0006627,2021-08-20
K007,B.1.351,2,0.004444,0.00674,2021-08-20
K007,B.1.351,2,0.001481,0.1471,2021-08-20
K007,B.1.351,2,0.0004938,0.4206,2021-08-20
K007,B.1.351,2,0.0001646,0.8653,2021-08-20
K007,B.1.351,2,5.487e-05,0.8266,2021-08-20
K007,B.1.351,2,1.829e-05,0.8721,2021-08-20
K031,B.1.351,1,0.04,0.01266,2021-08-20
K031,B.1.351,1,0.01333,0.005798,2021-08-20
K031,B.1.351,1,0.004444,0.03107,2021-08-20
K031,B.1.351,1,0.001481,0.1581,2021-08-20
K031,B.1.351,1,0.0004938,0.507,2021-08-20
K031,B.1.351,1,0.0001646,0.7679,2021-08-20
K031,B.1.351,1,5.487e-05,0.7408,2021-08-20
K031,B.1.351,1,1.829e-05,0.756,2021-08-20
K031,B.1.351,2,0.04,1.832e-05,2021-08-20
K031,B.1.351,2,0.01333,0.001208,2021-08-20
K031,B.1.351,2,0.004444,0.0617,2021-08-20
K031,B.1.351,2,0.001481,0.03532,2021-08-20
K031,B.1.351,2,0.0004938,0.3962,2021-08-20
K031,B.1.351,2,0.0001646,0.7895,2021-08-20
K031,B.1.351,2,5.487e-05,0.7972,2021-08-20
K031,B.1.351,2,1.829e-05,0.8122,2021-08-20
K033,B.1.351,1,0.04,1.832e-05,2021-08-20
K033,B.1.351,1,0.01333,3.678e-05,2021-08-20
K033,B.1.351,1,0.004444,7.865e-05,2021-08-20
K033,B.1.351,1,0.001481,0.0548,2021-08-20
K033,B.1.351,1,0.0004938,0.3213,2021-08-20
K033,B.1.351,1,0.0001646,0.6077,2021-08-20
K033,B.1.351,1,5.487e-05,0.7914,2021-08-20
K033,B.1.351,1,1.829e-05,0.7749,2021-08-20
K033,B.1.351,2,0.04,-4.698e-07,2021-08-20
K033,B.1.351,2,0.01333,0.01343,2021-08-20
K033,B.1.351,2,0.004444,0.02718,2021-08-20
K033,B.1.351,2,0.001481,0.06042,2021-08-20
K033,B.1.351,2,0.0004938,0.3174,2021-08-20
K033,B.1.351,2,0.0001646,0.6742,2021-08-20
K033,B.1.351,2,5.487e-05,0.7393,2021-08-20
K033,B.1.351,2,1.829e-05,0.8699,2021-08-20
K040,B.1.351,1,0.04,-4.698e-07,2021-08-20
K040,B.1.351,1,0.01333,-6.687e-07,2021-08-20
K040,B.1.351,1,0.004444,0.001538,2021-08-20
K040,B.1.351,1,0.001481,0.1004,2021-08-20
K040,B.1.351,1,0.0004938,0.4564,2021-08-20
K040,B.1.351,1,0.0001646,0.7019,2021-08-20
K040,B.1.351,1,5.487e-05,0.9414,2021-08-20
K040,B.1.351,1,1.829e-05,0.749,2021-08-20
K040,B.1.351,2,0.04,-4.698e-07,2021-08-20
K040,B.1.351,2,0.01333,-2.207e-05,2021-08-20
K040,B.1.351,2,0.004444,-6.609e-07,2021-08-20
K040,B.1.351,2,0.001481,0.09114,2021-08-20
K040,B.1.351,2,0.0004938,0.5939,2021-08-20
K040,B.1.351,2,0.0001646,0.7474,2021-08-20
K040,B.1.351,2,5.487e-05,0.7228,2021-08-20
K040,B.1.351,2,1.829e-05,0.7387,2021-08-20
K007,B.1.351-Y501N,1,0.04,5.491e-06,2021-08-20
K007,B.1.351-Y501N,1,0.01333,-3.272e-06,2021-08-20
K007,B.1.351-Y501N,1,0.004444,0.008252,2021-08-20
K007,B.1.351-Y501N,1,0.001481,0.1706,2021-08-20
K007,B.1.351-Y501N,1,0.0004938,0.6168,2021-08-20
K007,B.1.351-Y501N,1,0.0001646,0.8751,2021-08-20
K007,B.1.351-Y501N,1,5.487e-05,1.053,2021-08-20
K007,B.1.351-Y501N,1,1.829e-05,0.7447,2021-08-20
K007,B.1.351-Y501N,2,0.04,2.746e-06,2021-08-20
K007,B.1.351-Y501N,2,0.01333,3.272e-06,2021-08-20
K007,B.1.351-Y501N,2,0.004444,0.005152,2021-08-20
K007,B.1.351-Y501N,2,0.001481,0.08283,2021-08-20
K007,B.1.351-Y501N,2,0.0004938,0.542,2021-08-20
K007,B.1.351-Y501N,2,0.0001646,0.945,2021-08-20
K007,B.1.351-Y501N,2,5.487e-05,1.048,2021-08-20
K007,B.1.351-Y501N,2,1.829e-05,0.9077,2021-08-20
K031,B.1.351-Y501N,1,0.04,2.746e-06,2021-08-20
K031,B.1.351-Y501N,1,0.01333,0.002235,2021-08-20
K031,B.1.351-Y501N,1,0.004444,0.06974,2021-08-20
K031,B.1.351-Y501N,1,0.001481,0.3436,2021-08-20
K031,B.1.351-Y501N,1,0.0004938,0.6542,2021-08-20
K031,B.1.351-Y501N,1,0.0001646,0.8668,2021-08-20
K031,B.1.351-Y501N,1,5.487e-05,1.001,2021-08-20
K031,B.1.351-Y501N,1,1.829e-05,0.698,2021-08-20
K031,B.1.351-Y501N,2,0.04,-2.746e-06,2021-08-20
K031,B.1.351-Y501N,2,0.01333,0.01069,2021-08-20
K031,B.1.351-Y501N,2,0.004444,0.06978,2021-08-20
K031,B.1.351-Y501N,2,0.001481,0.34,2021-08-20
K031,B.1.351-Y501N,2,0.0004938,0.6734,2021-08-20
K031,B.1.351-Y501N,2,0.0001646,0.9301,2021-08-20
K031,B.1.351-Y501N,2,5.487e-05,0.8706,2021-08-20
K031,B.1.351-Y501N,2,1.829e-05,0.8156,2021-08-20
K033,B.1.351-Y501N,1,0.04,1.373e-05,2021-08-20
K033,B.1.351-Y501N,1,0.01333,0.0004254,2021-08-20
K033,B.1.351-Y501N,1,0.004444,0.01654,2021-08-20
K033,B.1.351-Y501N,1,0.001481,0.0693,2021-08-20
K033,B.1.351-Y501N,1,0.0004938,0.4158,2021-08-20
K033,B.1.351-Y501N,1,0.0001646,0.7016,2021-08-20
K033,B.1.351-Y501N,1,5.487e-05,0.724,2021-08-20
K033,B.1.351-Y501N,1,1.829e-05,0.7031,2021-08-20
K033,B.1.351-Y501N,2,0.04,5.491e-06,2021-08-20
K033,B.1.351-Y501N,2,0.01333,1.636e-05,2021-08-20
K033,B.1.351-Y501N,2,0.004444,0.005726,2021-08-20
K033,B.1.351-Y501N,2,0.001481,0.08463,2021-08-20
K033,B.1.351-Y501N,2,0.0004938,0.3627,2021-08-20
K033,B.1.351-Y501N,2,0.0001646,0.6938,2021-08-20
K033,B.1.351-Y501N,2,5.487e-05,0.9076,2021-08-20
K033,B.1.351-Y501N,2,1.829e-05,0.7142,2021-08-20
K040,B.1.351-Y501N,1,0.04,0,2021-08-20
K040,B.1.351-Y501N,1,0.01333,0.0002225,2021-08-20
K040,B.1.351-Y501N,1,0.004444,0.0404,2021-08-20
K040,B.1.351-Y501N,1,0.001481,0.1355,2021-08-20
K040,B.1.351-Y501N,1,0.0004938,0.6179,2021-08-20
K040,B.1.351-Y501N,1,0.0001646,0.6737,2021-08-20
K040,B.1.351-Y501N,1,5.487e-05,0.8103,2021-08-20
K040,B.1.351-Y501N,1,1.829e-05,0.7757,2021-08-20
K040,B.1.351-Y501N,2,0.04,2.746e-05,2021-08-20
K040,B.1.351-Y501N,2,0.01333,0.002853,2021-08-20
K040,B.1.351-Y501N,2,0.004444,0.0003279,2021-08-20
K040,B.1.351-Y501N,2,0.001481,0.151,2021-08-20
K040,B.1.351-Y501N,2,0.0004938,0.5352,2021-08-20
K040,B.1.351-Y501N,2,0.0001646,0.8972,2021-08-20
K040,B.1.351-Y501N,2,5.487e-05,0.7942,2021-08-20
K040,B.1.351-Y501N,2,1.829e-05,0.714,2021-08-20
K007,B.1.351-N417K-K484E-Y501N,1,0.04,3.421e-06,2021-08-20
K007,B.1.351-N417K-K484E-Y501N,1,0.01333,4.93e-06,2021-08-20
K007,B.1.351-N417K-K484E-Y501N,1,0.004444,0.1102,2021-08-20
K007,B.1.351-N417K-K484E-Y501N,1,0.001481,0.5365,2021-08-20
K007,B.1.351-N417K-K484E-Y501N,1,0.0004938,0.6774,2021-08-20
K007,B.1.351-N417K-K484E-Y501N,1,0.0001646,1.173,2021-08-20
K007,B.1.351-N417K-K484E-Y501N,1,5.487e-05,0.7119,2021-08-20
K007,B.1.351-N417K-K484E-Y501N,1,1.829e-05,0.8867,2021-08-20
K007,B.1.351-N417K-K484E-Y501N,2,0.04,5.816e-05,2021-08-20
K007,B.1.351-N417K-K484E-Y501N,2,0.01333,1.282e-05,2021-08-20
K007,B.1.351-N417K-K484E-Y501N,2,0.004444,0.05103,2021-08-20
K007,B.1.351-N417K-K484E-Y501N,2,0.001481,0.2978,2021-08-20
K007,B.1.351-N417K-K484E-Y501N,2,0.0004938,0.7274,2021-08-20
K007,B.1.351-N417K-K484E-Y501N,2,0.0001646,1.444,2021-08-20
K007,B.1.351-N417K-K484E-Y501N,2,5.487e-05,0.8258,2021-08-20
K007,B.1.351-N417K-K484E-Y501N,2,1.829e-05,0.9019,2021-08-20
K031,B.1.351-N417K-K484E-Y501N,1,0.04,0.02815,2021-08-20
K031,B.1.351-N417K-K484E-Y501N,1,0.01333,0.07355,2021-08-20
K031,B.1.351-N417K-K484E-Y501N,1,0.004444,0.209,2021-08-20
K031,B.1.351-N417K-K484E-Y501N,1,0.001481,0.6646,2021-08-20
K031,B.1.351-N417K-K484E-Y501N,1,0.0004938,1.092,2021-08-20
K031,B.1.351-N417K-K484E-Y501N,1,0.0001646,0.756,2021-08-20
K031,B.1.351-N417K-K484E-Y501N,1,5.487e-05,0.8428,2021-08-20
K031,B.1.351-N417K-K484E-Y501N,1,1.829e-05,0.7315,2021-08-20
K031,B.1.351-N417K-K484E-Y501N,2,0.04,0.002872,2021-08-20
K031,B.1.351-N417K-K484E-Y501N,2,0.01333,0.1713,2021-08-20
K031,B.1.351-N417K-K484E-Y501N,2,0.004444,0.1424,2021-08-20
K031,B.1.351-N417K-K484E-Y501N,2,0.001481,0.6357,2021-08-20
K031,B.1.351-N417K-K484E-Y501N,2,0.0004938,0.7079,2021-08-20
K031,B.1.351-N417K-K484E-Y501N,2,0.0001646,0.7011,2021-08-20
K031,B.1.351-N417K-K484E-Y501N,2,5.487e-05,0.8846,2021-08-20
K031,B.1.351-N417K-K484E-Y501N,2,1.829e-05,0.6095,2021-08-20
K033,B.1.351-N417K-K484E-Y501N,1,0.04,8.895e-06,2021-08-20
K033,B.1.351-N417K-K484E-Y501N,1,0.01333,-1.873e-05,2021-08-20
K033,B.1.351-N417K-K484E-Y501N,1,0.004444,0.07132,2021-08-20
K033,B.1.351-N417K-K484E-Y501N,1,0.001481,0.2326,2021-08-20
K033,B.1.351-N417K-K484E-Y501N,1,0.0004938,0.6202,2021-08-20
K033,B.1.351-N417K-K484E-Y501N,1,0.0001646,0.7675,2021-08-20
K033,B.1.351-N417K-K484E-Y501N,1,5.487e-05,0.6659,2021-08-20
K033,B.1.351-N417K-K484E-Y501N,1,1.829e-05,0.8493,2021-08-20
K033,B.1.351-N417K-K484E-Y501N,2,0.04,-2.053e-06,2021-08-20
K033,B.1.351-N417K-K484E-Y501N,2,0.01333,-2.958e-06,2021-08-20
K033,B.1.351-N417K-K484E-Y501N,2,0.004444,0.05674,2021-08-20
K033,B.1.351-N417K-K484E-Y501N,2,0.001481,0.2697,2021-08-20
K033,B.1.351-N417K-K484E-Y501N,2,0.0004938,0.5634,2021-08-20
K033,B.1.351-N417K-K484E-Y501N,2,0.0001646,0.8927,2021-08-20
K033,B.1.351-N417K-K484E-Y501N,2,5.487e-05,0.592,2021-08-20
K033,B.1.351-N417K-K484E-Y501N,2,1.829e-05,0.6023,2021-08-20
K040,B.1.351-N417K-K484E-Y501N,1,0.04,1.437e-05,2021-08-20
K040,B.1.351-N417K-K484E-Y501N,1,0.01333,0.0006675,2021-08-20
K040,B.1.351-N417K-K484E-Y501N,1,0.004444,0.1597,2021-08-20
K040,B.1.351-N417K-K484E-Y501N,1,0.001481,0.5292,2021-08-20
K040,B.1.351-N417K-K484E-Y501N,1,0.0004938,0.7984,2021-08-20
K040,B.1.351-N417K-K484E-Y501N,1,0.0001646,1.032,2021-08-20
K040,B.1.351-N417K-K484E-Y501N,1,5.487e-05,0.6954,2021-08-20
K040,B.1.351-N417K-K484E-Y501N,1,1.829e-05,0.9281,2021-08-20
K040,B.1.351-N417K-K484E-Y501N,2,0.04,0.0003756,2021-08-20
K040,B.1.351-N417K-K484E-Y501N,2,0.01333,0.05046,2021-08-20
K040,B.1.351-N417K-K484E-Y501N,2,0.004444,0.2193,2021-08-20
K040,B.1.351-N417K-K484E-Y501N,2,0.001481,0.4732,2021-08-20
K040,B.1.351-N417K-K484E-Y501N,2,0.0004938,0.6379,2021-08-20
K040,B.1.351-N417K-K484E-Y501N,2,0.0001646,0.8795,2021-08-20
K040,B.1.351-N417K-K484E-Y501N,2,5.487e-05,0.8005,2021-08-20
K040,B.1.351-N417K-K484E-Y501N,2,1.829e-05,0.6703,2021-08-20
K007,B.1.351-N417K,1,0.04,3.347e-05,2021-08-20
K007,B.1.351-N417K,1,0.01333,0.01786,2021-08-20
K007,B.1.351-N417K,1,0.004444,0.03188,2021-08-20
K007,B.1.351-N417K,1,0.001481,0.1554,2021-08-20
K007,B.1.351-N417K,1,0.0004938,0.7283,2021-08-20
K007,B.1.351-N417K,1,0.0001646,1.084,2021-08-20
K007,B.1.351-N417K,1,5.487e-05,0.7979,2021-08-20
K007,B.1.351-N417K,1,1.829e-05,0.8353,2021-08-20
K007,B.1.351-N417K,2,0.04,-8.649e-06,2021-08-20
K007,B.1.351-N417K,2,0.01333,0.01756,2021-08-20
K007,B.1.351-N417K,2,0.004444,0.05668,2021-08-20
K007,B.1.351-N417K,2,0.001481,0.2113,2021-08-20
K007,B.1.351-N417K,2,0.0004938,0.6982,2021-08-20
K007,B.1.351-N417K,2,0.0001646,0.9462,2021-08-20
K007,B.1.351-N417K,2,5.487e-05,0.9606,2021-08-20
K007,B.1.351-N417K,2,1.829e-05,0.7971,2021-08-20
K031,B.1.351-N417K,1,0.04,3.76e-07,2021-08-20
K031,B.1.351-N417K,1,0.01333,0.08855,2021-08-20
K031,B.1.351-N417K,1,0.004444,0.07334,2021-08-20
K031,B.1.351-N417K,1,0.001481,0.1027,2021-08-20
K031,B.1.351-N417K,1,0.0004938,0.7645,2021-08-20
K031,B.1.351-N417K,1,0.0001646,0.8838,2021-08-20
K031,B.1.351-N417K,1,5.487e-05,0.9718,2021-08-20
K031,B.1.351-N417K,1,1.829e-05,0.7791,2021-08-20
K031,B.1.351-N417K,2,0.04,-2.632e-06,2021-08-20
K031,B.1.351-N417K,2,0.01333,0.02329,2021-08-20
K031,B.1.351-N417K,2,0.004444,0.07933,2021-08-20
K031,B.1.351-N417K,2,0.001481,0.1248,2021-08-20
K031,B.1.351-N417K,2,0.0004938,0.5423,2021-08-20
K031,B.1.351-N417K,2,0.0001646,0.8646,2021-08-20
K031,B.1.351-N417K,2,5.487e-05,0.8495,2021-08-20
K031,B.1.351-N417K,2,1.829e-05,0.9333,2021-08-20
K033,B.1.351-N417K,1,0.04,-8.649e-06,2021-08-20
K033,B.1.351-N417K,1,0.01333,0.02678,2021-08-20
K033,B.1.351-N417K,1,0.004444,0.09863,2021-08-20
K033,B.1.351-N417K,1,0.001481,0.1278,2021-08-20
K033,B.1.351-N417K,1,0.0004938,0.5134,2021-08-20
K033,B.1.351-N417K,1,0.0001646,0.8405,2021-08-20
K033,B.1.351-N417K,1,5.487e-05,0.757,2021-08-20
K033,B.1.351-N417K,1,1.829e-05,0.6717,2021-08-20
K033,B.1.351-N417K,2,0.04,-5.64e-06,2021-08-20
K033,B.1.351-N417K,2,0.01333,0.005627,2021-08-20
K033,B.1.351-N417K,2,0.004444,0.006331,2021-08-20
K033,B.1.351-N417K,2,0.001481,0.1527,2021-08-20
K033,B.1.351-N417K,2,0.0004938,0.3568,2021-08-20
K033,B.1.351-N417K,2,0.0001646,0.7046,2021-08-20
K033,B.1.351-N417K,2,5.487e-05,0.8626,2021-08-20
K033,B.1.351-N417K,2,1.829e-05,0.7561,2021-08-20
K040,B.1.351-N417K,1,0.04,-5.64e-06,2021-08-20
K040,B.1.351-N417K,1,0.01333,0.01481,2021-08-20
K040,B.1.351-N417K,1,0.004444,0.02421,2021-08-20
K040,B.1.351-N417K,1,0.001481,0.08561,2021-08-20
K040,B.1.351-N417K,1,0.0004938,0.4217,2021-08-20
K040,B.1.351-N417K,1,0.0001646,1.068,2021-08-20
K040,B.1.351-N417K,1,5.487e-05,0.7382,2021-08-20
K040,B.1.351-N417K,1,1.829e-05,0.7463,2021-08-20
K040,B.1.351-N417K,2,0.04,3.384e-06,2021-08-20
K040,B.1.351-N417K,2,0.01333,4.82e-06,2021-08-20
K040,B.1.351-N417K,2,0.004444,0.06587,2021-08-20
K040,B.1.351-N417K,2,0.001481,0.05886,2021-08-20
K040,B.1.351-N417K,2,0.0004938,0.4497,2021-08-20
K040,B.1.351-N417K,2,0.0001646,0.8346,2021-08-20
K040,B.1.351-N417K,2,5.487e-05,0.7957,2021-08-20
K040,B.1.351-N417K,2,1.829e-05,0.786,2021-08-20
K007,B.1.351-L452R,1,0.04,3.066e-05,2021-08-20
K007,B.1.351-L452R,1,0.01333,0.006452,2021-08-20
K007,B.1.351-L452R,1,0.004444,0.01602,2021-08-20
K007,B.1.351-L452R,1,0.001481,0.0735,2021-08-20
K007,B.1.351-L452R,1,0.0004938,0.5977,2021-08-20
K007,B.1.351-L452R,1,0.0001646,1.264,2021-08-20
K007,B.1.351-L452R,1,5.487e-05,0.8457,2021-08-20
K007,B.1.351-L452R,1,1.829e-05,1.041,2021-08-20
K007,B.1.351-L452R,2,0.04,-4.181e-05,2021-08-20
K007,B.1.351-L452R,2,0.01333,-1.801e-05,2021-08-20
K007,B.1.351-L452R,2,0.004444,1.929e-05,2021-08-20
K007,B.1.351-L452R,2,0.001481,0.163,2021-08-20
K007,B.1.351-L452R,2,0.0004938,0.6886,2021-08-20
K007,B.1.351-L452R,2,0.0001646,1.071,2021-08-20
K007,B.1.351-L452R,2,5.487e-05,0.906,2021-08-20
K007,B.1.351-L452R,2,1.829e-05,1.329,2021-08-20
K031,B.1.351-L452R,1,0.04,3.066e-05,2021-08-20
K031,B.1.351-L452R,1,0.01333,3.603e-06,2021-08-20
K031,B.1.351-L452R,1,0.004444,0.0002122,2021-08-20
K031,B.1.351-L452R,1,0.001481,0.1597,2021-08-20
K031,B.1.351-L452R,1,0.0004938,0.5998,2021-08-20
K031,B.1.351-L452R,1,0.0001646,1.075,2021-08-20
K031,B.1.351-L452R,1,5.487e-05,0.9522,2021-08-20
K031,B.1.351-L452R,1,1.829e-05,1.038,2021-08-20
K031,B.1.351-L452R,2,0.04,-3.624e-05,2021-08-20
K031,B.1.351-L452R,2,0.01333,0.04683,2021-08-20
K031,B.1.351-L452R,2,0.004444,0.03769,2021-08-20
K031,B.1.351-L452R,2,0.001481,0.2239,2021-08-20
K031,B.1.351-L452R,2,0.0004938,0.5033,2021-08-20
K031,B.1.351-L452R,2,0.0001646,0.8549,2021-08-20
K031,B.1.351-L452R,2,5.487e-05,0.7279,2021-08-20
K031,B.1.351-L452R,2,1.829e-05,1.023,2021-08-20
K033,B.1.351-L452R,1,0.04,-3.066e-05,2021-08-20
K033,B.1.351-L452R,1,0.01333,1.081e-05,2021-08-20
K033,B.1.351-L452R,1,0.004444,0.02714,2021-08-20
K033,B.1.351-L452R,1,0.001481,0.1414,2021-08-20
K033,B.1.351-L452R,1,0.0004938,0.5009,2021-08-20
K033,B.1.351-L452R,1,0.0001646,0.745,2021-08-20
K033,B.1.351-L452R,1,5.487e-05,0.7435,2021-08-20
K033,B.1.351-L452R,1,1.829e-05,0.9361,2021-08-20
K033,B.1.351-L452R,2,0.04,-8.362e-06,2021-08-20
K033,B.1.351-L452R,2,0.01333,-3.242e-05,2021-08-20
K033,B.1.351-L452R,2,0.004444,5.016e-05,2021-08-20
K033,B.1.351-L452R,2,0.001481,0.06425,2021-08-20
K033,B.1.351-L452R,2,0.0004938,0.2726,2021-08-20
K033,B.1.351-L452R,2,0.0001646,0.6647,2021-08-20
K033,B.1.351-L452R,2,5.487e-05,0.8757,2021-08-20
K033,B.1.351-L452R,2,1.829e-05,1.05,2021-08-20
K040,B.1.351-L452R,1,0.04,2.509e-05,2021-08-20
K040,B.1.351-L452R,1,0.01333,-1.801e-05,2021-08-20
K040,B.1.351-L452R,1,0.004444,0.03769,2021-08-20
K040,B.1.351-L452R,1,0.001481,0.2517,2021-08-20
K040,B.1.351-L452R,1,0.0004938,0.496,2021-08-20
K040,B.1.351-L452R,1,0.0001646,0.8856,2021-08-20
K040,B.1.351-L452R,1,5.487e-05,0.8817,2021-08-20
K040,B.1.351-L452R,1,1.829e-05,1.198,2021-08-20
K040,B.1.351-L452R,2,0.04,-8.362e-06,2021-08-20
K040,B.1.351-L452R,2,0.01333,1.801e-05,2021-08-20
K040,B.1.351-L452R,2,0.004444,0.07441,2021-08-20
K040,B.1.351-L452R,2,0.001481,0.2225,2021-08-20
K040,B.1.351-L452R,2,0.0004938,0.5651,2021-08-20
K040,B.1.351-L452R,2,0.0001646,1.003,2021-08-20
K040,B.1.351-L452R,2,5.487e-05,0.7085,2021-08-20
K040,B.1.351-L452R,2,1.829e-05,0.9638,2021-08-20
K007,B.1.351-K484Q,1,0.04,8.141e-05,2021-08-20
K007,B.1.351-K484Q,1,0.01333,-2.752e-05,2021-08-20
K007,B.1.351-K484Q,1,0.004444,-1.708e-05,2021-08-20
K007,B.1.351-K484Q,1,0.001481,0.1471,2021-08-20
K007,B.1.351-K484Q,1,0.0004938,0.8255,2021-08-20
K007,B.1.351-K484Q,1,0.0001646,1.721,2021-08-20
K007,B.1.351-K484Q,1,5.487e-05,0.7479,2021-08-20
K007,B.1.351-K484Q,1,1.829e-05,0.6995,2021-08-20
K007,B.1.351-K484Q,2,0.04,2.428e-05,2021-08-20
K007,B.1.351-K484Q,2,0.01333,1.835e-06,2021-08-20
K007,B.1.351-K484Q,2,0.004444,0.08915,2021-08-20
K007,B.1.351-K484Q,2,0.001481,0.07735,2021-08-20
K007,B.1.351-K484Q,2,0.0004938,0.7469,2021-08-20
K007,B.1.351-K484Q,2,0.0001646,2.154,2021-08-20
K007,B.1.351-K484Q,2,5.487e-05,1.118,2021-08-20
K007,B.1.351-K484Q,2,1.829e-05,1.028,2021-08-20
K031,B.1.351-K484Q,1,0.04,4.713e-05,2021-08-20
K031,B.1.351-K484Q,1,0.01333,6.055e-05,2021-08-20
K031,B.1.351-K484Q,1,0.004444,0.002716,2021-08-20
K031,B.1.351-K484Q,1,0.001481,0.324,2021-08-20
K031,B.1.351-K484Q,1,0.0004938,0.8762,2021-08-20
K031,B.1.351-K484Q,1,0.0001646,1.443,2021-08-20
K031,B.1.351-K484Q,1,5.487e-05,1.112,2021-08-20
K031,B.1.351-K484Q,1,1.829e-05,0.9131,2021-08-20
K031,B.1.351-K484Q,2,0.04,-9.998e-06,2021-08-20
K031,B.1.351-K484Q,2,0.01333,0.0003248,2021-08-20
K031,B.1.351-K484Q,2,0.004444,0.07517,2021-08-20
K031,B.1.351-K484Q,2,0.001481,0.07904,2021-08-20
K031,B.1.351-K484Q,2,0.0004938,0.741,2021-08-20
K031,B.1.351-K484Q,2,0.0001646,1.403,2021-08-20
K031,B.1.351-K484Q,2,5.487e-05,1.111,2021-08-20
K031,B.1.351-K484Q,2,1.829e-05,0.9733,2021-08-20
K033,B.1.351-K484Q,1,0.04,1.428e-06,2021-08-20
K033,B.1.351-K484Q,1,0.01333,0.001969,2021-08-20
K033,B.1.351-K484Q,1,0.004444,-1.708e-05,2021-08-20
K033,B.1.351-K484Q,1,0.001481,0.04256,2021-08-20
K033,B.1.351-K484Q,1,0.0004938,0.1356,2021-08-20
K033,B.1.351-K484Q,1,0.0001646,0.6049,2021-08-20
K033,B.1.351-K484Q,1,5.487e-05,1.529,2021-08-20
K033,B.1.351-K484Q,1,1.829e-05,0.8166,2021-08-20
K033,B.1.351-K484Q,2,0.04,8.141e-05,2021-08-20
K033,B.1.351-K484Q,2,0.01333,0.0001046,2021-08-20
K033,B.1.351-K484Q,2,0.004444,0.03469,2021-08-20
K033,B.1.351-K484Q,2,0.001481,0.06973,2021-08-20
K033,B.1.351-K484Q,2,0.0004938,0.3533,2021-08-20
K033,B.1.351-K484Q,2,0.0001646,0.7422,2021-08-20
K033,B.1.351-K484Q,2,5.487e-05,0.9285,2021-08-20
K033,B.1.351-K484Q,2,1.829e-05,0.8891,2021-08-20
K040,B.1.351-K484Q,1,0.04,-9.998e-06,2021-08-20
K040,B.1.351-K484Q,1,0.01333,7.522e-05,2021-08-20
K040,B.1.351-K484Q,1,0.004444,0.04777,2021-08-20
K040,B.1.351-K484Q,1,0.001481,0.1147,2021-08-20
K040,B.1.351-K484Q,1,0.0004938,0.5867,2021-08-20
K040,B.1.351-K484Q,1,0.0001646,1.573,2021-08-20
K040,B.1.351-K484Q,1,5.487e-05,0.8193,2021-08-20
K040,B.1.351-K484Q,1,1.829e-05,1.145,2021-08-20
K040,B.1.351-K484Q,2,0.04,5.856e-05,2021-08-20
K040,B.1.351-K484Q,2,0.01333,1.835e-06,2021-08-20
K040,B.1.351-K484Q,2,0.004444,0.05403,2021-08-20
K040,B.1.351-K484Q,2,0.001481,0.04873,2021-08-20
K040,B.1.351-K484Q,2,0.0004938,0.5953,2021-08-20
K040,B.1.351-K484Q,2,0.0001646,1.431,2021-08-20
K040,B.1.351-K484Q,2,5.487e-05,0.5934,2021-08-20
K040,B.1.351-K484Q,2,1.829e-05,0.7702,2021-08-20
K007,B.1.351-K484E,1,0.04,-5.199e-06,2021-08-20
K007,B.1.351-K484E,1,0.01333,2.914e-05,2021-08-20
K007,B.1.351-K484E,1,0.004444,0.03722,2021-08-20
K007,B.1.351-K484E,1,0.001481,0.1633,2021-08-20
K007,B.1.351-K484E,1,0.0004938,0.7738,2021-08-20
K007,B.1.351-K484E,1,0.0001646,0.8629,2021-08-20
K007,B.1.351-K484E,1,5.487e-05,0.7409,2021-08-20
K007,B.1.351-K484E,1,1.829e-05,0.8114,2021-08-20
K007,B.1.351-K484E,2,0.04,2.253e-05,2021-08-20
K007,B.1.351-K484E,2,0.01333,0.0001344,2021-08-20
K007,B.1.351-K484E,2,0.004444,0.05208,2021-08-20
K007,B.1.351-K484E,2,0.001481,0.3766,2021-08-20
K007,B.1.351-K484E,2,0.0004938,0.826,2021-08-20
K007,B.1.351-K484E,2,0.0001646,0.8463,2021-08-20
K007,B.1.351-K484E,2,5.487e-05,0.9203,2021-08-20
K007,B.1.351-K484E,2,1.829e-05,0.9403,2021-08-20
K031,B.1.351-K484E,1,0.04,4.044e-06,2021-08-20
K031,B.1.351-K484E,1,0.01333,0.007262,2021-08-20
K031,B.1.351-K484E,1,0.004444,0.1242,2021-08-20
K031,B.1.351-K484E,1,0.001481,0.1271,2021-08-20
K031,B.1.351-K484E,1,0.0004938,0.5278,2021-08-20
K031,B.1.351-K484E,1,0.0001646,0.8601,2021-08-20
K031,B.1.351-K484E,1,5.487e-05,0.9971,2021-08-20
K031,B.1.351-K484E,1,1.829e-05,0.7986,2021-08-20
K031,B.1.351-K484E,2,0.04,8.665e-06,2021-08-20
K031,B.1.351-K484E,2,0.01333,-1.598e-05,2021-08-20
K031,B.1.351-K484E,2,0.004444,0.02357,2021-08-20
K031,B.1.351-K484E,2,0.001481,0.09352,2021-08-20
K031,B.1.351-K484E,2,0.0004938,0.5341,2021-08-20
K031,B.1.351-K484E,2,0.0001646,0.7752,2021-08-20
K031,B.1.351-K484E,2,5.487e-05,0.6997,2021-08-20
K031,B.1.351-K484E,2,1.829e-05,0.7792,2021-08-20
K033,B.1.351-K484E,1,0.04,3.639e-05,2021-08-20
K033,B.1.351-K484E,1,0.01333,-8.459e-06,2021-08-20
K033,B.1.351-K484E,1,0.004444,0.0002712,2021-08-20
K033,B.1.351-K484E,1,0.001481,0.06296,2021-08-20
K033,B.1.351-K484E,1,0.0004938,0.2414,2021-08-20
K033,B.1.351-K484E,1,0.0001646,0.6824,2021-08-20
K033,B.1.351-K484E,1,5.487e-05,0.7729,2021-08-20
K033,B.1.351-K484E,1,1.829e-05,0.6336,2021-08-20
K033,B.1.351-K484E,2,0.04,2.715e-05,2021-08-20
K033,B.1.351-K484E,2,0.01333,9.681e-05,2021-08-20
K033,B.1.351-K484E,2,0.004444,0.008709,2021-08-20
K033,B.1.351-K484E,2,0.001481,0.01124,2021-08-20
K033,B.1.351-K484E,2,0.0004938,0.2401,2021-08-20
K033,B.1.351-K484E,2,0.0001646,0.5999,2021-08-20
K033,B.1.351-K484E,2,5.487e-05,0.7394,2021-08-20
K033,B.1.351-K484E,2,1.829e-05,0.5502,2021-08-20
K040,B.1.351-K484E,1,0.04,8.665e-06,2021-08-20
K040,B.1.351-K484E,1,0.01333,6.579e-06,2021-08-20
K040,B.1.351-K484E,1,0.004444,0.001251,2021-08-20
K040,B.1.351-K484E,1,0.001481,0.1401,2021-08-20
K040,B.1.351-K484E,1,0.0004938,0.6339,2021-08-20
K040,B.1.351-K484E,1,0.0001646,0.8676,2021-08-20
K040,B.1.351-K484E,1,5.487e-05,0.9246,2021-08-20
K040,B.1.351-K484E,1,1.829e-05,0.7547,2021-08-20
K040,B.1.351-K484E,2,0.04,-1.444e-05,2021-08-20
K040,B.1.351-K484E,2,0.01333,6.579e-06,2021-08-20
K040,B.1.351-K484E,2,0.004444,-8.749e-06,2021-08-20
K040,B.1.351-K484E,2,0.001481,0.2156,2021-08-20
K040,B.1.351-K484E,2,0.0004938,0.395,2021-08-20
K040,B.1.351-K484E,2,0.0001646,0.78,2021-08-20
K040,B.1.351-K484E,2,5.487e-05,0.9961,2021-08-20
K040,B.1.351-K484E,2,1.829e-05,0.8618,2021-08-20
K007,B.1.351-K444E,1,0.04,-4.942e-06,2021-08-20
K007,B.1.351-K444E,1,0.01333,8.437e-06,2021-08-20
K007,B.1.351-K444E,1,0.004444,0.02534,2021-08-20
K007,B.1.351-K444E,1,0.001481,0.09106,2021-08-20
K007,B.1.351-K444E,1,0.0004938,0.3837,2021-08-20
K007,B.1.351-K444E,1,0.0001646,0.8904,2021-08-20
K007,B.1.351-K444E,1,5.487e-05,0.7893,2021-08-20
K007,B.1.351-K444E,1,1.829e-05,0.7538,2021-08-20
K007,B.1.351-K444E,2,0.04,1.331e-05,2021-08-20
K007,B.1.351-K444E,2,0.01333,0.001994,2021-08-20
K007,B.1.351-K444E,2,0.004444,1.253e-05,2021-08-20
K007,B.1.351-K444E,2,0.001481,0.1171,2021-08-20
K007,B.1.351-K444E,2,0.0004938,0.3429,2021-08-20
K007,B.1.351-K444E,2,0.0001646,0.9332,2021-08-20
K007,B.1.351-K444E,2,5.487e-05,1.116,2021-08-20
K007,B.1.351-K444E,2,1.829e-05,0.8125,2021-08-20
K031,B.1.351-K444E,1,0.04,0.004591,2021-08-20
K031,B.1.351-K444E,1,0.01333,0.03034,2021-08-20
K031,B.1.351-K444E,1,0.004444,0.04211,2021-08-20
K031,B.1.351-K444E,1,0.001481,0.2253,2021-08-20
K031,B.1.351-K444E,1,0.0004938,0.4755,2021-08-20
K031,B.1.351-K444E,1,0.0001646,0.6793,2021-08-20
K031,B.1.351-K444E,1,5.487e-05,0.6388,2021-08-20
K031,B.1.351-K444E,1,1.829e-05,0.5846,2021-08-20
K031,B.1.351-K444E,2,0.04,4.182e-06,2021-08-20
K031,B.1.351-K444E,2,0.01333,0.02753,2021-08-20
K031,B.1.351-K444E,2,0.004444,0.04724,2021-08-20
K031,B.1.351-K444E,2,0.001481,0.2274,2021-08-20
K031,B.1.351-K444E,2,0.0004938,0.4248,2021-08-20
K031,B.1.351-K444E,2,0.0001646,0.7603,2021-08-20
K031,B.1.351-K444E,2,5.487e-05,0.8158,2021-08-20
K031,B.1.351-K444E,2,1.829e-05,0.7776,2021-08-20
K033,B.1.351-K444E,1,0.04,4.182e-06,2021-08-20
K033,B.1.351-K444E,1,0.01333,0.01346,2021-08-20
K033,B.1.351-K444E,1,0.004444,0.00643,2021-08-20
K033,B.1.351-K444E,1,0.001481,0.06037,2021-08-20
K033,B.1.351-K444E,1,0.0004938,0.2282,2021-08-20
K033,B.1.351-K444E,1,0.0001646,0.5345,2021-08-20
K033,B.1.351-K444E,1,5.487e-05,0.8609,2021-08-20
K033,B.1.351-K444E,1,1.829e-05,0.8474,2021-08-20
K033,B.1.351-K444E,2,0.04,-1.103e-05,2021-08-20
K033,B.1.351-K444E,2,0.01333,0.0006479,2021-08-20
K033,B.1.351-K444E,2,0.004444,0.004444,2021-08-20
K033,B.1.351-K444E,2,0.001481,0.01956,2021-08-20
K033,B.1.351-K444E,2,0.0004938,0.209,2021-08-20
K033,B.1.351-K444E,2,0.0001646,0.6119,2021-08-20
K033,B.1.351-K444E,2,5.487e-05,0.6251,2021-08-20
K033,B.1.351-K444E,2,1.829e-05,0.683,2021-08-20
K040,B.1.351-K444E,1,0.04,-1.103e-05,2021-08-20
K040,B.1.351-K444E,1,0.01333,1.332e-06,2021-08-20
K040,B.1.351-K444E,1,0.004444,0.001861,2021-08-20
K040,B.1.351-K444E,1,0.001481,0.1031,2021-08-20
K040,B.1.351-K444E,1,0.0004938,0.3126,2021-08-20
K040,B.1.351-K444E,1,0.0001646,0.7422,2021-08-20
K040,B.1.351-K444E,1,5.487e-05,0.8013,2021-08-20
K040,B.1.351-K444E,1,1.829e-05,0.6425,2021-08-20
K040,B.1.351-K444E,2,0.04,-1.901e-06,2021-08-20
K040,B.1.351-K444E,2,0.01333,0.0004418,2021-08-20
K040,B.1.351-K444E,2,0.004444,0.003535,2021-08-20
K040,B.1.351-K444E,2,0.001481,0.05094,2021-08-20
K040,B.1.351-K444E,2,0.0004938,0.3597,2021-08-20
K040,B.1.351-K444E,2,0.0001646,0.6846,2021-08-20
K040,B.1.351-K444E,2,5.487e-05,0.7952,2021-08-20
K040,B.1.351-K444E,2,1.829e-05,0.7899,2021-08-20
K007,B.1.351-G446V,1,0.04,-1.519e-05,2021-08-20
K007,B.1.351-G446V,1,0.01333,4.747e-05,2021-08-20
K007,B.1.351-G446V,1,0.004444,0.02826,2021-08-20
K007,B.1.351-G446V,1,0.001481,0.2617,2021-08-20
K007,B.1.351-G446V,1,0.0004938,0.9179,2021-08-20
K007,B.1.351-G446V,1,0.0001646,1.203,2021-08-20
K007,B.1.351-G446V,1,5.487e-05,0.5841,2021-08-20
K007,B.1.351-G446V,1,1.829e-05,0.9288,2021-08-20
K007,B.1.351-G446V,2,0.04,1.285e-05,2021-08-20
K007,B.1.351-G446V,2,0.01333,1.072e-05,2021-08-20
K007,B.1.351-G446V,2,0.004444,0.02089,2021-08-20
K007,B.1.351-G446V,2,0.001481,0.2552,2021-08-20
K007,B.1.351-G446V,2,0.0004938,0.8572,2021-08-20
K007,B.1.351-G446V,2,0.0001646,1.275,2021-08-20
K007,B.1.351-G446V,2,5.487e-05,1.345,2021-08-20
K007,B.1.351-G446V,2,1.829e-05,0.7052,2021-08-20
K031,B.1.351-G446V,1,0.04,0.0004476,2021-08-20
K031,B.1.351-G446V,1,0.01333,0.01575,2021-08-20
K031,B.1.351-G446V,1,0.004444,0.198,2021-08-20
K031,B.1.351-G446V,1,0.001481,0.569,2021-08-20
K031,B.1.351-G446V,1,0.0004938,0.54,2021-08-20
K031,B.1.351-G446V,1,0.0001646,0.9596,2021-08-20
K031,B.1.351-G446V,1,5.487e-05,0.9644,2021-08-20
K031,B.1.351-G446V,1,1.829e-05,0.7388,2021-08-20
K031,B.1.351-G446V,2,0.04,2.688e-05,2021-08-20
K031,B.1.351-G446V,2,0.01333,0.02242,2021-08-20
K031,B.1.351-G446V,2,0.004444,0.3383,2021-08-20
K031,B.1.351-G446V,2,0.001481,0.276,2021-08-20
K031,B.1.351-G446V,2,0.0004938,0.6522,2021-08-20
K031,B.1.351-G446V,2,0.0001646,1.152,2021-08-20
K031,B.1.351-G446V,2,5.487e-05,0.9575,2021-08-20
K031,B.1.351-G446V,2,1.829e-05,0.7315,2021-08-20
K033,B.1.351-G446V,1,0.04,1.285e-05,2021-08-20
K033,B.1.351-G446V,1,0.01333,0.02397,2021-08-20
K033,B.1.351-G446V,1,0.004444,0.06791,2021-08-20
K033,B.1.351-G446V,1,0.001481,0.1301,2021-08-20
K033,B.1.351-G446V,1,0.0004938,0.261,2021-08-20
K033,B.1.351-G446V,1,0.0001646,0.8932,2021-08-20
K033,B.1.351-G446V,1,5.487e-05,0.8602,2021-08-20
K033,B.1.351-G446V,1,1.829e-05,0.8262,2021-08-20
K033,B.1.351-G446V,2,0.04,-1.052e-05,2021-08-20
K033,B.1.351-G446V,2,0.01333,0.02421,2021-08-20
K033,B.1.351-G446V,2,0.004444,0.03019,2021-08-20
K033,B.1.351-G446V,2,0.001481,0.05693,2021-08-20
K033,B.1.351-G446V,2,0.0004938,0.4054,2021-08-20
K033,B.1.351-G446V,2,0.0001646,0.8015,2021-08-20
K033,B.1.351-G446V,2,5.487e-05,0.8296,2021-08-20
K033,B.1.351-G446V,2,1.829e-05,0.8388,2021-08-20
K040,B.1.351-G446V,1,0.04,-1.052e-05,2021-08-20
K040,B.1.351-G446V,1,0.01333,-4.441e-05,2021-08-20
K040,B.1.351-G446V,1,0.004444,0.07558,2021-08-20
K040,B.1.351-G446V,1,0.001481,0.2342,2021-08-20
K040,B.1.351-G446V,1,0.0004938,0.6608,2021-08-20
K040,B.1.351-G446V,1,0.0001646,1.168,2021-08-20
K040,B.1.351-G446V,1,5.487e-05,0.9312,2021-08-20
K040,B.1.351-G446V,1,1.829e-05,1.06,2021-08-20
K040,B.1.351-G446V,2,0.04,3.506e-06,2021-08-20
K040,B.1.351-G446V,2,0.01333,1.684e-05,2021-08-20
K040,B.1.351-G446V,2,0.004444,0.02186,2021-08-20
K040,B.1.351-G446V,2,0.001481,0.1581,2021-08-20
K040,B.1.351-G446V,2,0.0004938,0.4997,2021-08-20
K040,B.1.351-G446V,2,0.0001646,0.8199,2021-08-20
K040,B.1.351-G446V,2,5.487e-05,0.7936,2021-08-20
K040,B.1.351-G446V,2,1.829e-05,0.7414,2021-08-20
K041,B.1.351,1,0.04,2.343e-05,2021-08-21
K041,B.1.351,1,0.01333,0.002411,2021-08-21
K041,B.1.351,1,0.004444,0.006841,2021-08-21
K041,B.1.351,1,0.001481,0.2015,2021-08-21
K041,B.1.351,1,0.0004938,0.357,2021-08-21
K041,B.1.351,1,0.0001646,0.693,2021-08-21
K041,B.1.351,1,5.487e-05,0.9021,2021-08-21
K041,B.1.351,1,1.829e-05,1.217,2021-08-21
K041,B.1.351,2,0.04,2.343e-05,2021-08-21
K041,B.1.351,2,0.01333,0.01654,2021-08-21
K041,B.1.351,2,0.004444,0.04001,2021-08-21
K041,B.1.351,2,0.001481,0.05847,2021-08-21
K041,B.1.351,2,0.0004938,0.4254,2021-08-21
K041,B.1.351,2,0.0001646,0.7066,2021-08-21
K041,B.1.351,2,5.487e-05,1.159,2021-08-21
K041,B.1.351,2,1.829e-05,1.114,2021-08-21
K046,B.1.351,1,0.04,-1.324e-05,2021-08-21
K046,B.1.351,1,0.01333,0.02235,2021-08-21
K046,B.1.351,1,0.004444,0.01537,2021-08-21
K046,B.1.351,1,0.001481,0.1062,2021-08-21
K046,B.1.351,1,0.0004938,0.7137,2021-08-21
K046,B.1.351,1,0.0001646,0.776,2021-08-21
K046,B.1.351,1,5.487e-05,0.9389,2021-08-21
K046,B.1.351,1,1.829e-05,1.127,2021-08-21
K046,B.1.351,2,0.04,7.13e-06,2021-08-21
K046,B.1.351,2,0.01333,0.01627,2021-08-21
K046,B.1.351,2,0.004444,0.03281,2021-08-21
K046,B.1.351,2,0.001481,0.1407,2021-08-21
K046,B.1.351,2,0.0004938,0.3334,2021-08-21
K046,B.1.351,2,0.0001646,0.7706,2021-08-21
K046,B.1.351,2,5.487e-05,0.9607,2021-08-21
K046,B.1.351,2,1.829e-05,1.061,2021-08-21
K114,B.1.351,1,0.04,-1.324e-05,2021-08-21
K114,B.1.351,1,0.01333,0.000716,2021-08-21
K114,B.1.351,1,0.004444,0.03,2021-08-21
K114,B.1.351,1,0.001481,0.1825,2021-08-21
K114,B.1.351,1,0.0004938,0.6667,2021-08-21
K114,B.1.351,1,0.0001646,0.6921,2021-08-21
K114,B.1.351,1,5.487e-05,1.327,2021-08-21
K114,B.1.351,1,1.829e-05,1.119,2021-08-21
K114,B.1.351,2,0.04,3.056e-06,2021-08-21
K114,B.1.351,2,0.01333,1.217e-05,2021-08-21
K114,B.1.351,2,0.004444,0.01666,2021-08-21
K114,B.1.351,2,0.001481,0.1967,2021-08-21
K114,B.1.351,2,0.0004938,0.6111,2021-08-21
K114,B.1.351,2,0.0001646,0.7999,2021-08-21
K114,B.1.351,2,5.487e-05,0.9573,2021-08-21
K114,B.1.351,2,1.829e-05,1.124,2021-08-21
K119,B.1.351,1,0.04,1.935e-05,2021-08-21
K119,B.1.351,1,0.01333,0.01501,2021-08-21
K119,B.1.351,1,0.004444,0.02953,2021-08-21
K119,B.1.351,1,0.001481,0.1068,2021-08-21
K119,B.1.351,1,0.0004938,0.3252,2021-08-21
K119,B.1.351,1,0.0001646,0.5818,2021-08-21
K119,B.1.351,1,5.487e-05,0.9977,2021-08-21
K119,B.1.351,1,1.829e-05,1.034,2021-08-21
K119,B.1.351,2,0.04,-1.324e-05,2021-08-21
K119,B.1.351,2,0.01333,2.988e-05,2021-08-21
K119,B.1.351,2,0.004444,0.008898,2021-08-21
K119,B.1.351,2,0.001481,0.05241,2021-08-21
K119,B.1.351,2,0.0004938,0.2851,2021-08-21
K119,B.1.351,2,0.0001646,0.4626,2021-08-21
K119,B.1.351,2,5.487e-05,0.7827,2021-08-21
K119,B.1.351,2,1.829e-05,0.8891,2021-08-21
K041,B.1.351-Y501N,1,0.04,-5.651e-06,2021-08-21
K041,B.1.351-Y501N,1,0.01333,-1.319e-05,2021-08-21
K041,B.1.351-Y501N,1,0.004444,-1.769e-05,2021-08-21
K041,B.1.351-Y501N,1,0.001481,0.06543,2021-08-21
K041,B.1.351-Y501N,1,0.0004938,0.3362,2021-08-21
K041,B.1.351-Y501N,1,0.0001646,0.6767,2021-08-21
K041,B.1.351-Y501N,1,5.487e-05,0.8506,2021-08-21
K041,B.1.351-Y501N,1,1.829e-05,1.123,2021-08-21
K041,B.1.351-Y501N,2,0.04,-8.477e-06,2021-08-21
K041,B.1.351-Y501N,2,0.01333,3.166e-05,2021-08-21
K041,B.1.351-Y501N,2,0.004444,0.005971,2021-08-21
K041,B.1.351-Y501N,2,0.001481,0.07566,2021-08-21
K041,B.1.351-Y501N,2,0.0004938,0.4187,2021-08-21
K041,B.1.351-Y501N,2,0.0001646,0.7534,2021-08-21
K041,B.1.351-Y501N,2,5.487e-05,0.9852,2021-08-21
K041,B.1.351-Y501N,2,1.829e-05,1.215,2021-08-21
K046,B.1.351-Y501N,1,0.04,-1.695e-05,2021-08-21
K046,B.1.351-Y501N,1,0.01333,-1.583e-05,2021-08-21
K046,B.1.351-Y501N,1,0.004444,0.03878,2021-08-21
K046,B.1.351-Y501N,1,0.001481,0.1872,2021-08-21
K046,B.1.351-Y501N,1,0.0004938,0.6304,2021-08-21
K046,B.1.351-Y501N,1,0.0001646,0.9947,2021-08-21
K046,B.1.351-Y501N,1,5.487e-05,1.204,2021-08-21
K046,B.1.351-Y501N,1,1.829e-05,1.155,2021-08-21
K046,B.1.351-Y501N,2,0.04,-1.13e-05,2021-08-21
K046,B.1.351-Y501N,2,0.01333,7.124e-05,2021-08-21
K046,B.1.351-Y501N,2,0.004444,0.02023,2021-08-21
K046,B.1.351-Y501N,2,0.001481,0.2446,2021-08-21
K046,B.1.351-Y501N,2,0.0004938,0.6659,2021-08-21
K046,B.1.351-Y501N,2,0.0001646,0.9718,2021-08-21
K046,B.1.351-Y501N,2,5.487e-05,0.9692,2021-08-21
K046,B.1.351-Y501N,2,1.829e-05,1.306,2021-08-21
K114,B.1.351-Y501N,1,0.04,-8.477e-06,2021-08-21
K114,B.1.351-Y501N,1,0.01333,-1.583e-05,2021-08-21
K114,B.1.351-Y501N,1,0.004444,0.05546,2021-08-21
K114,B.1.351-Y501N,1,0.001481,0.4006,2021-08-21
K114,B.1.351-Y501N,1,0.0004938,0.6344,2021-08-21
K114,B.1.351-Y501N,1,0.0001646,0.9521,2021-08-21
K114,B.1.351-Y501N,1,5.487e-05,0.7152,2021-08-21
K114,B.1.351-Y501N,1,1.829e-05,1.179,2021-08-21
K114,B.1.351-Y501N,2,0.04,-5.651e-06,2021-08-21
K114,B.1.351-Y501N,2,0.01333,-1.847e-05,2021-08-21
K114,B.1.351-Y501N,2,0.004444,0.02038,2021-08-21
K114,B.1.351-Y501N,2,0.001481,0.3285,2021-08-21
K114,B.1.351-Y501N,2,0.0004938,0.7286,2021-08-21
K114,B.1.351-Y501N,2,0.0001646,0.9449,2021-08-21
K114,B.1.351-Y501N,2,5.487e-05,0.9332,2021-08-21
K114,B.1.351-Y501N,2,1.829e-05,1.227,2021-08-21
K119,B.1.351-Y501N,1,0.04,-1.13e-05,2021-08-21
K119,B.1.351-Y501N,1,0.01333,2.638e-06,2021-08-21
K119,B.1.351-Y501N,1,0.004444,0.03111,2021-08-21
K119,B.1.351-Y501N,1,0.001481,0.05811,2021-08-21
K119,B.1.351-Y501N,1,0.0004938,0.2906,2021-08-21
K119,B.1.351-Y501N,1,0.0001646,0.6296,2021-08-21
K119,B.1.351-Y501N,1,5.487e-05,0.825,2021-08-21
K119,B.1.351-Y501N,1,1.829e-05,1.132,2021-08-21
K119,B.1.351-Y501N,2,0.04,-1.695e-05,2021-08-21
K119,B.1.351-Y501N,2,0.01333,-1.319e-05,2021-08-21
K119,B.1.351-Y501N,2,0.004444,0.005266,2021-08-21
K119,B.1.351-Y501N,2,0.001481,0.05791,2021-08-21
K119,B.1.351-Y501N,2,0.0004938,0.2991,2021-08-21
K119,B.1.351-Y501N,2,0.0001646,0.6334,2021-08-21
K119,B.1.351-Y501N,2,5.487e-05,0.8674,2021-08-21
K119,B.1.351-Y501N,2,1.829e-05,1.127,2021-08-21
K041,B.1.351-N417K-K484E-Y501N,1,0.04,3.854e-05,2021-08-21
K041,B.1.351-N417K-K484E-Y501N,1,0.01333,0.01422,2021-08-21
K041,B.1.351-N417K-K484E-Y501N,1,0.004444,0.0455,2021-08-21
K041,B.1.351-N417K-K484E-Y501N,1,0.001481,0.2615,2021-08-21
K041,B.1.351-N417K-K484E-Y501N,1,0.0004938,0.6482,2021-08-21
K041,B.1.351-N417K-K484E-Y501N,1,0.0001646,0.8098,2021-08-21
K041,B.1.351-N417K-K484E-Y501N,1,5.487e-05,0.8508,2021-08-21
K041,B.1.351-N417K-K484E-Y501N,1,1.829e-05,0.6999,2021-08-21
K041,B.1.351-N417K-K484E-Y501N,2,0.04,-1.101e-06,2021-08-21
K041,B.1.351-N417K-K484E-Y501N,2,0.01333,0.0298,2021-08-21
K041,B.1.351-N417K-K484E-Y501N,2,0.004444,0.07627,2021-08-21
K041,B.1.351-N417K-K484E-Y501N,2,0.001481,0.1772,2021-08-21
K041,B.1.351-N417K-K484E-Y501N,2,0.0004938,0.6217,2021-08-21
K041,B.1.351-N417K-K484E-Y501N,2,0.0001646,0.9229,2021-08-21
K041,B.1.351-N417K-K484E-Y501N,2,5.487e-05,1.048,2021-08-21
K041,B.1.351-N417K-K484E-Y501N,2,1.829e-05,0.8561,2021-08-21
K046,B.1.351-N417K-K484E-Y501N,1,0.04,1.652e-05,2021-08-21
K046,B.1.351-N417K-K484E-Y501N,1,0.01333,0.03368,2021-08-21
K046,B.1.351-N417K-K484E-Y501N,1,0.004444,0.1022,2021-08-21
K046,B.1.351-N417K-K484E-Y501N,1,0.001481,0.4602,2021-08-21
K046,B.1.351-N417K-K484E-Y501N,1,0.0004938,0.7214,2021-08-21
K046,B.1.351-N417K-K484E-Y501N,1,0.0001646,0.9251,2021-08-21
K046,B.1.351-N417K-K484E-Y501N,1,5.487e-05,1.018,2021-08-21
K046,B.1.351-N417K-K484E-Y501N,1,1.829e-05,0.6627,2021-08-21
K046,B.1.351-N417K-K484E-Y501N,2,0.04,-9.909e-06,2021-08-21
K046,B.1.351-N417K-K484E-Y501N,2,0.01333,0.05179,2021-08-21
K046,B.1.351-N417K-K484E-Y501N,2,0.004444,0.1586,2021-08-21
K046,B.1.351-N417K-K484E-Y501N,2,0.001481,0.4156,2021-08-21
K046,B.1.351-N417K-K484E-Y501N,2,0.0004938,0.7305,2021-08-21
K046,B.1.351-N417K-K484E-Y501N,2,0.0001646,0.8524,2021-08-21
K046,B.1.351-N417K-K484E-Y501N,2,5.487e-05,0.9093,2021-08-21
K046,B.1.351-N417K-K484E-Y501N,2,1.829e-05,0.8127,2021-08-21
K114,B.1.351-N417K-K484E-Y501N,1,0.04,7.707e-06,2021-08-21
K114,B.1.351-N417K-K484E-Y501N,1,0.01333,0.01335,2021-08-21
K114,B.1.351-N417K-K484E-Y501N,1,0.004444,0.1971,2021-08-21
K114,B.1.351-N417K-K484E-Y501N,1,0.001481,0.5812,2021-08-21
K114,B.1.351-N417K-K484E-Y501N,1,0.0004938,0.756,2021-08-21
K114,B.1.351-N417K-K484E-Y501N,1,0.0001646,1.11,2021-08-21
K114,B.1.351-N417K-K484E-Y501N,1,5.487e-05,0.9388,2021-08-21
K114,B.1.351-N417K-K484E-Y501N,1,1.829e-05,0.7294,2021-08-21
K114,B.1.351-N417K-K484E-Y501N,2,0.04,-1.431e-05,2021-08-21
K114,B.1.351-N417K-K484E-Y501N,2,0.01333,0.005263,2021-08-21
K114,B.1.351-N417K-K484E-Y501N,2,0.004444,0.2004,2021-08-21
K114,B.1.351-N417K-K484E-Y501N,2,0.001481,0.6386,2021-08-21
K114,B.1.351-N417K-K484E-Y501N,2,0.0004938,0.6079,2021-08-21
K114,B.1.351-N417K-K484E-Y501N,2,0.0001646,0.9934,2021-08-21
K114,B.1.351-N417K-K484E-Y501N,2,5.487e-05,0.9116,2021-08-21
K114,B.1.351-N417K-K484E-Y501N,2,1.829e-05,0.7339,2021-08-21
K119,B.1.351-N417K-K484E-Y501N,1,0.04,1.652e-05,2021-08-21
K119,B.1.351-N417K-K484E-Y501N,1,0.01333,0.02964,2021-08-21
K119,B.1.351-N417K-K484E-Y501N,1,0.004444,0.08969,2021-08-21
K119,B.1.351-N417K-K484E-Y501N,1,0.001481,0.3011,2021-08-21
K119,B.1.351-N417K-K484E-Y501N,1,0.0004938,0.5621,2021-08-21
K119,B.1.351-N417K-K484E-Y501N,1,0.0001646,0.8687,2021-08-21
K119,B.1.351-N417K-K484E-Y501N,1,5.487e-05,0.9323,2021-08-21
K119,B.1.351-N417K-K484E-Y501N,1,1.829e-05,0.7676,2021-08-21
K119,B.1.351-N417K-K484E-Y501N,2,0.04,3.303e-06,2021-08-21
K119,B.1.351-N417K-K484E-Y501N,2,0.01333,0.01039,2021-08-21
K119,B.1.351-N417K-K484E-Y501N,2,0.004444,0.0835,2021-08-21
K119,B.1.351-N417K-K484E-Y501N,2,0.001481,0.3281,2021-08-21
K119,B.1.351-N417K-K484E-Y501N,2,0.0004938,0.5615,2021-08-21
K119,B.1.351-N417K-K484E-Y501N,2,0.0001646,0.832,2021-08-21
K119,B.1.351-N417K-K484E-Y501N,2,5.487e-05,0.7886,2021-08-21
K119,B.1.351-N417K-K484E-Y501N,2,1.829e-05,0.7111,2021-08-21
K041,B.1.351-N417K,1,0.04,-7.211e-05,2021-08-21
K041,B.1.351-N417K,1,0.01333,0.007953,2021-08-21
K041,B.1.351-N417K,1,0.004444,0.05541,2021-08-21
K041,B.1.351-N417K,1,0.001481,0.2012,2021-08-21
K041,B.1.351-N417K,1,0.0004938,0.6678,2021-08-21
K041,B.1.351-N417K,1,0.0001646,0.9467,2021-08-21
K041,B.1.351-N417K,1,5.487e-05,0.6726,2021-08-21
K041,B.1.351-N417K,1,1.829e-05,0.8865,2021-08-21
K041,B.1.351-N417K,2,0.04,-5.732e-05,2021-08-21
K041,B.1.351-N417K,2,0.01333,0.06346,2021-08-21
K041,B.1.351-N417K,2,0.004444,0.1278,2021-08-21
K041,B.1.351-N417K,2,0.001481,0.2757,2021-08-21
K041,B.1.351-N417K,2,0.0004938,0.6991,2021-08-21
K041,B.1.351-N417K,2,0.0001646,0.8986,2021-08-21
K041,B.1.351-N417K,2,5.487e-05,0.9642,2021-08-21
K041,B.1.351-N417K,2,1.829e-05,0.7348,2021-08-21
K046,B.1.351-N417K,1,0.04,0.0009485,2021-08-21
K046,B.1.351-N417K,1,0.01333,0.02675,2021-08-21
K046,B.1.351-N417K,1,0.004444,0.1086,2021-08-21
K046,B.1.351-N417K,1,0.001481,0.09557,2021-08-21
K046,B.1.351-N417K,1,0.0004938,0.4685,2021-08-21
K046,B.1.351-N417K,1,0.0001646,0.9534,2021-08-21
K046,B.1.351-N417K,1,5.487e-05,0.8621,2021-08-21
K046,B.1.351-N417K,1,1.829e-05,0.7792,2021-08-21
K046,B.1.351-N417K,2,0.04,-3.957e-05,2021-08-21
K046,B.1.351-N417K,2,0.01333,-9.733e-05,2021-08-21
K046,B.1.351-N417K,2,0.004444,0.1097,2021-08-21
K046,B.1.351-N417K,2,0.001481,0.1016,2021-08-21
K046,B.1.351-N417K,2,0.0004938,0.4866,2021-08-21
K046,B.1.351-N417K,2,0.0001646,1.042,2021-08-21
K046,B.1.351-N417K,2,5.487e-05,0.8412,2021-08-21
K046,B.1.351-N417K,2,1.829e-05,0.8008,2021-08-21
K114,B.1.351-N417K,1,0.04,-3.661e-05,2021-08-21
K114,B.1.351-N417K,1,0.01333,0.02593,2021-08-21
K114,B.1.351-N417K,1,0.004444,0.1536,2021-08-21
K114,B.1.351-N417K,1,0.001481,0.2961,2021-08-21
K114,B.1.351-N417K,1,0.0004938,0.783,2021-08-21
K114,B.1.351-N417K,1,0.0001646,1.175,2021-08-21
K114,B.1.351-N417K,1,5.487e-05,0.9822,2021-08-21
K114,B.1.351-N417K,1,1.829e-05,0.7155,2021-08-21
K114,B.1.351-N417K,2,0.04,-5.732e-05,2021-08-21
K114,B.1.351-N417K,2,0.01333,0.0202,2021-08-21
K114,B.1.351-N417K,2,0.004444,0.1061,2021-08-21
K114,B.1.351-N417K,2,0.001481,0.2274,2021-08-21
K114,B.1.351-N417K,2,0.0004938,0.5876,2021-08-21
K114,B.1.351-N417K,2,0.0001646,1.029,2021-08-21
K114,B.1.351-N417K,2,5.487e-05,0.7529,2021-08-21
K114,B.1.351-N417K,2,1.829e-05,0.8526,2021-08-21
K119,B.1.351-N417K,1,0.04,-3.957e-05,2021-08-21
K119,B.1.351-N417K,1,0.01333,0.0005493,2021-08-21
K119,B.1.351-N417K,1,0.004444,0.003801,2021-08-21
K119,B.1.351-N417K,1,0.001481,0.09638,2021-08-21
K119,B.1.351-N417K,1,0.0004938,0.3341,2021-08-21
K119,B.1.351-N417K,1,0.0001646,0.7153,2021-08-21
K119,B.1.351-N417K,1,5.487e-05,0.8576,2021-08-21
K119,B.1.351-N417K,1,1.829e-05,0.8036,2021-08-21
K119,B.1.351-N417K,2,0.04,-5.14e-05,2021-08-21
K119,B.1.351-N417K,2,0.01333,0.003664,2021-08-21
K119,B.1.351-N417K,2,0.004444,0.01174,2021-08-21
K119,B.1.351-N417K,2,0.001481,0.1561,2021-08-21
K119,B.1.351-N417K,2,0.0004938,0.3684,2021-08-21
K119,B.1.351-N417K,2,0.0001646,0.7111,2021-08-21
K119,B.1.351-N417K,2,5.487e-05,0.8416,2021-08-21
K119,B.1.351-N417K,2,1.829e-05,0.8672,2021-08-21
K041,B.1.351-L452R,1,0.04,1.34e-05,2021-08-21
K041,B.1.351-L452R,1,0.01333,0.03109,2021-08-21
K041,B.1.351-L452R,1,0.004444,0.05144,2021-08-21
K041,B.1.351-L452R,1,0.001481,0.1487,2021-08-21
K041,B.1.351-L452R,1,0.0004938,0.412,2021-08-21
K041,B.1.351-L452R,1,0.0001646,0.6421,2021-08-21
K041,B.1.351-L452R,1,5.487e-05,1.05,2021-08-21
K041,B.1.351-L452R,1,1.829e-05,0.9171,2021-08-21
K041,B.1.351-L452R,2,0.04,9.11e-06,2021-08-21
K041,B.1.351-L452R,2,0.01333,0.03326,2021-08-21
K041,B.1.351-L452R,2,0.004444,0.02067,2021-08-21
K041,B.1.351-L452R,2,0.001481,0.2104,2021-08-21
K041,B.1.351-L452R,2,0.0004938,0.445,2021-08-21
K041,B.1.351-L452R,2,0.0001646,0.9053,2021-08-21
K041,B.1.351-L452R,2,5.487e-05,0.8069,2021-08-21
K041,B.1.351-L452R,2,1.829e-05,0.7801,2021-08-21
K046,B.1.351-L452R,1,0.04,-8.039e-06,2021-08-21
K046,B.1.351-L452R,1,0.01333,8.594e-07,2021-08-21
K046,B.1.351-L452R,1,0.004444,0.03692,2021-08-21
K046,B.1.351-L452R,1,0.001481,0.07032,2021-08-21
K046,B.1.351-L452R,1,0.0004938,0.6039,2021-08-21
K046,B.1.351-L452R,1,0.0001646,0.734,2021-08-21
K046,B.1.351-L452R,1,5.487e-05,0.9643,2021-08-21
K046,B.1.351-L452R,1,1.829e-05,0.8066,2021-08-21
K046,B.1.351-L452R,2,0.04,0.0008108,2021-08-21
K046,B.1.351-L452R,2,0.01333,1.461e-05,2021-08-21
K046,B.1.351-L452R,2,0.004444,0.01917,2021-08-21
K046,B.1.351-L452R,2,0.001481,0.1113,2021-08-21
K046,B.1.351-L452R,2,0.0004938,0.5083,2021-08-21
K046,B.1.351-L452R,2,0.0001646,0.6798,2021-08-21
K046,B.1.351-L452R,2,5.487e-05,1.102,2021-08-21
K046,B.1.351-L452R,2,1.829e-05,0.9099,2021-08-21
K114,B.1.351-L452R,1,0.04,4.77e-05,2021-08-21
K114,B.1.351-L452R,1,0.01333,0.005446,2021-08-21
K114,B.1.351-L452R,1,0.004444,0.0887,2021-08-21
K114,B.1.351-L452R,1,0.001481,0.2357,2021-08-21
K114,B.1.351-L452R,1,0.0004938,0.7663,2021-08-21
K114,B.1.351-L452R,1,0.0001646,0.7314,2021-08-21
K114,B.1.351-L452R,1,5.487e-05,0.9914,2021-08-21
K114,B.1.351-L452R,1,1.829e-05,0.8438,2021-08-21
K114,B.1.351-L452R,2,0.04,4.823e-06,2021-08-21
K114,B.1.351-L452R,2,0.01333,2.149e-05,2021-08-21
K114,B.1.351-L452R,2,0.004444,0.06987,2021-08-21
K114,B.1.351-L452R,2,0.001481,0.2267,2021-08-21
K114,B.1.351-L452R,2,0.0004938,0.5499,2021-08-21
K114,B.1.351-L452R,2,0.0001646,0.8159,2021-08-21
K114,B.1.351-L452R,2,5.487e-05,1.035,2021-08-21
K114,B.1.351-L452R,2,1.829e-05,0.8235,2021-08-21
K119,B.1.351-L452R,1,0.04,4.823e-06,2021-08-21
K119,B.1.351-L452R,1,0.01333,-1.289e-05,2021-08-21
K119,B.1.351-L452R,1,0.004444,6.711e-05,2021-08-21
K119,B.1.351-L452R,1,0.001481,0.0914,2021-08-21
K119,B.1.351-L452R,1,0.0004938,0.3597,2021-08-21
K119,B.1.351-L452R,1,0.0001646,0.5134,2021-08-21
K119,B.1.351-L452R,1,5.487e-05,0.9616,2021-08-21
K119,B.1.351-L452R,1,1.829e-05,0.9004,2021-08-21
K119,B.1.351-L452R,2,0.04,-3.751e-06,2021-08-21
K119,B.1.351-L452R,2,0.01333,-6.016e-06,2021-08-21
K119,B.1.351-L452R,2,0.004444,9.292e-06,2021-08-21
K119,B.1.351-L452R,2,0.001481,0.1274,2021-08-21
K119,B.1.351-L452R,2,0.0004938,0.3528,2021-08-21
K119,B.1.351-L452R,2,0.0001646,0.4868,2021-08-21
K119,B.1.351-L452R,2,5.487e-05,0.9324,2021-08-21
K119,B.1.351-L452R,2,1.829e-05,0.7563,2021-08-21
K041,B.1.351-K484Q,1,0.04,5.916e-05,2021-08-21
K041,B.1.351-K484Q,1,0.01333,-5.232e-05,2021-08-21
K041,B.1.351-K484Q,1,0.004444,-6.38e-05,2021-08-21
K041,B.1.351-K484Q,1,0.001481,0.00128,2021-08-21
K041,B.1.351-K484Q,1,0.0004938,0.1287,2021-08-21
K041,B.1.351-K484Q,1,0.0001646,0.7131,2021-08-21
K041,B.1.351-K484Q,1,5.487e-05,1.011,2021-08-21
K041,B.1.351-K484Q,1,1.829e-05,1.173,2021-08-21
K041,B.1.351-K484Q,2,0.04,0.0001209,2021-08-21
K041,B.1.351-K484Q,2,0.01333,0.0001151,2021-08-21
K041,B.1.351-K484Q,2,0.004444,-6.38e-05,2021-08-21
K041,B.1.351-K484Q,2,0.001481,0.1265,2021-08-21
K041,B.1.351-K484Q,2,0.0004938,0.3619,2021-08-21
K041,B.1.351-K484Q,2,0.0001646,0.6726,2021-08-21
K041,B.1.351-K484Q,2,5.487e-05,1.37,2021-08-21
K041,B.1.351-K484Q,2,1.829e-05,0.869,2021-08-21
K046,B.1.351-K484Q,1,0.04,5.916e-05,2021-08-21
K046,B.1.351-K484Q,1,0.01333,-1.884e-05,2021-08-21
K046,B.1.351-K484Q,1,0.004444,0.0001464,2021-08-21
K046,B.1.351-K484Q,1,0.001481,0.07406,2021-08-21
K046,B.1.351-K484Q,1,0.0004938,0.6277,2021-08-21
K046,B.1.351-K484Q,1,0.0001646,1.114,2021-08-21
K046,B.1.351-K484Q,1,5.487e-05,1.037,2021-08-21
K046,B.1.351-K484Q,1,1.829e-05,0.7874,2021-08-21
K046,B.1.351-K484Q,2,0.04,-2.572e-06,2021-08-21
K046,B.1.351-K484Q,2,0.01333,-0.0001026,2021-08-21
K046,B.1.351-K484Q,2,0.004444,0.005731,2021-08-21
K046,B.1.351-K484Q,2,0.001481,0.1694,2021-08-21
K046,B.1.351-K484Q,2,0.0004938,0.5509,2021-08-21
K046,B.1.351-K484Q,2,0.0001646,1.016,2021-08-21
K046,B.1.351-K484Q,2,5.487e-05,0.8874,2021-08-21
K046,B.1.351-K484Q,2,1.829e-05,1.084,2021-08-21
K114,B.1.351-K484Q,1,0.04,-2.315e-05,2021-08-21
K114,B.1.351-K484Q,1,0.01333,3.139e-05,2021-08-21
K114,B.1.351-K484Q,1,0.004444,0.2446,2021-08-21
K114,B.1.351-K484Q,1,0.001481,0.4504,2021-08-21
K114,B.1.351-K484Q,1,0.0004938,0.5943,2021-08-21
K114,B.1.351-K484Q,1,0.0001646,1.361,2021-08-21
K114,B.1.351-K484Q,1,5.487e-05,1.107,2021-08-21
K114,B.1.351-K484Q,1,1.829e-05,0.877,2021-08-21
K114,B.1.351-K484Q,2,0.04,5.916e-05,2021-08-21
K114,B.1.351-K484Q,2,0.01333,-3.558e-05,2021-08-21
K114,B.1.351-K484Q,2,0.004444,0.003239,2021-08-21
K114,B.1.351-K484Q,2,0.001481,0.2633,2021-08-21
K114,B.1.351-K484Q,2,0.0004938,0.9978,2021-08-21
K114,B.1.351-K484Q,2,0.0001646,0.7492,2021-08-21
K114,B.1.351-K484Q,2,5.487e-05,1.236,2021-08-21
K114,B.1.351-K484Q,2,1.829e-05,1.162,2021-08-21
K119,B.1.351-K484Q,1,0.04,-0.0001055,2021-08-21
K119,B.1.351-K484Q,1,0.01333,-6.907e-05,2021-08-21
K119,B.1.351-K484Q,1,0.004444,-0.0001539,2021-08-21
K119,B.1.351-K484Q,1,0.001481,0.37,2021-08-21
K119,B.1.351-K484Q,1,0.0004938,0.6419,2021-08-21
K119,B.1.351-K484Q,1,0.0001646,0.839,2021-08-21
K119,B.1.351-K484Q,1,5.487e-05,0.815,2021-08-21
K119,B.1.351-K484Q,1,1.829e-05,1.117,2021-08-21
K119,B.1.351-K484Q,2,0.04,-8.488e-05,2021-08-21
K119,B.1.351-K484Q,2,0.01333,-2.093e-06,2021-08-21
K119,B.1.351-K484Q,2,0.004444,0.02029,2021-08-21
K119,B.1.351-K484Q,2,0.001481,0.06947,2021-08-21
K119,B.1.351-K484Q,2,0.0004938,0.5975,2021-08-21
K119,B.1.351-K484Q,2,0.0001646,1.038,2021-08-21
K119,B.1.351-K484Q,2,5.487e-05,0.9279,2021-08-21
K119,B.1.351-K484Q,2,1.829e-05,0.9511,2021-08-21
K041,B.1.351-K484E,1,0.04,-3.385e-05,2021-08-21
K041,B.1.351-K484E,1,0.01333,0.02615,2021-08-21
K041,B.1.351-K484E,1,0.004444,2.037e-05,2021-08-21
K041,B.1.351-K484E,1,0.001481,3.088e-05,2021-08-21
K041,B.1.351-K484E,1,0.0004938,0.4127,2021-08-21
K041,B.1.351-K484E,1,0.0001646,0.531,2021-08-21
K041,B.1.351-K484E,1,5.487e-05,0.6137,2021-08-21
K041,B.1.351-K484E,1,1.829e-05,0.8154,2021-08-21
K041,B.1.351-K484E,2,0.04,-3.385e-05,2021-08-21
K041,B.1.351-K484E,2,0.01333,-1.155e-05,2021-08-21
K041,B.1.351-K484E,2,0.004444,-2.408e-05,2021-08-21
K041,B.1.351-K484E,2,0.001481,0.04187,2021-08-21
K041,B.1.351-K484E,2,0.0004938,0.3272,2021-08-21
K041,B.1.351-K484E,2,0.0001646,0.6478,2021-08-21
K041,B.1.351-K484E,2,5.487e-05,0.7117,2021-08-21
K041,B.1.351-K484E,2,1.829e-05,0.7895,2021-08-21
K046,B.1.351-K484E,1,0.04,2.19e-05,2021-08-21
K046,B.1.351-K484E,1,0.01333,0.01501,2021-08-21
K046,B.1.351-K484E,1,0.004444,0.01044,2021-08-21
K046,B.1.351-K484E,1,0.001481,0.1112,2021-08-21
K046,B.1.351-K484E,1,0.0004938,0.369,2021-08-21
K046,B.1.351-K484E,1,0.0001646,0.6857,2021-08-21
K046,B.1.351-K484E,1,5.487e-05,0.953,2021-08-21
K046,B.1.351-K484E,1,1.829e-05,0.9913,2021-08-21
K046,B.1.351-K484E,2,0.04,4.58e-05,2021-08-21
K046,B.1.351-K484E,2,0.01333,-2.08e-05,2021-08-21
K046,B.1.351-K484E,2,0.004444,1.297e-05,2021-08-21
K046,B.1.351-K484E,2,0.001481,0.1301,2021-08-21
K046,B.1.351-K484E,2,0.0004938,0.279,2021-08-21
K046,B.1.351-K484E,2,0.0001646,0.9303,2021-08-21
K046,B.1.351-K484E,2,5.487e-05,0.8035,2021-08-21
K046,B.1.351-K484E,2,1.829e-05,0.7867,2021-08-21
K114,B.1.351-K484E,1,0.04,5.974e-06,2021-08-21
K114,B.1.351-K484E,1,0.01333,6.932e-06,2021-08-21
K114,B.1.351-K484E,1,0.004444,0.02314,2021-08-21
K114,B.1.351-K484E,1,0.001481,0.4336,2021-08-21
K114,B.1.351-K484E,1,0.0004938,0.5158,2021-08-21
K114,B.1.351-K484E,1,0.0001646,0.7952,2021-08-21
K114,B.1.351-K484E,1,5.487e-05,0.8765,2021-08-21
K114,B.1.351-K484E,1,1.829e-05,0.8732,2021-08-21
K114,B.1.351-K484E,2,0.04,-9.956e-06,2021-08-21
K114,B.1.351-K484E,2,0.01333,0.0141,2021-08-21
K114,B.1.351-K484E,2,0.004444,0.02322,2021-08-21
K114,B.1.351-K484E,2,0.001481,0.2068,2021-08-21
K114,B.1.351-K484E,2,0.0004938,0.5635,2021-08-21
K114,B.1.351-K484E,2,0.0001646,0.7185,2021-08-21
K114,B.1.351-K484E,2,5.487e-05,0.9676,2021-08-21
K114,B.1.351-K484E,2,1.829e-05,1.002,2021-08-21
K119,B.1.351-K484E,1,0.04,-1.991e-06,2021-08-21
K119,B.1.351-K484E,1,0.01333,-1.155e-05,2021-08-21
K119,B.1.351-K484E,1,0.004444,3.519e-05,2021-08-21
K119,B.1.351-K484E,1,0.001481,0.07232,2021-08-21
K119,B.1.351-K484E,1,0.0004938,0.3508,2021-08-21
K119,B.1.351-K484E,1,0.0001646,0.7407,2021-08-21
K119,B.1.351-K484E,1,5.487e-05,0.8674,2021-08-21
K119,B.1.351-K484E,1,1.829e-05,0.765,2021-08-21
K119,B.1.351-K484E,2,0.04,-3.385e-05,2021-08-21
K119,B.1.351-K484E,2,0.01333,-2.08e-05,2021-08-21
K119,B.1.351-K484E,2,0.004444,0.01376,2021-08-21
K119,B.1.351-K484E,2,0.001481,0.02804,2021-08-21
K119,B.1.351-K484E,2,0.0004938,0.3832,2021-08-21
K119,B.1.351-K484E,2,0.0001646,0.8248,2021-08-21
K119,B.1.351-K484E,2,5.487e-05,0.9103,2021-08-21
K119,B.1.351-K484E,2,1.829e-05,0.6551,2021-08-21
K041,B.1.351-K444E,1,0.04,2.675e-06,2021-08-21
K041,B.1.351-K444E,1,0.01333,7.859e-06,2021-08-21
K041,B.1.351-K444E,1,0.004444,0.007918,2021-08-21
K041,B.1.351-K444E,1,0.001481,0.09994,2021-08-21
K041,B.1.351-K444E,1,0.0004938,0.2532,2021-08-21
K041,B.1.351-K444E,1,0.0001646,0.6341,2021-08-21
K041,B.1.351-K444E,1,5.487e-05,0.8546,2021-08-21
K041,B.1.351-K444E,1,1.829e-05,0.7591,2021-08-21
K041,B.1.351-K444E,2,0.04,8.79e-06,2021-08-21
K041,B.1.351-K444E,2,0.01333,-1.729e-05,2021-08-21
K041,B.1.351-K444E,2,0.004444,0.00429,2021-08-21
K041,B.1.351-K444E,2,0.001481,0.07311,2021-08-21
K041,B.1.351-K444E,2,0.0004938,0.4413,2021-08-21
K041,B.1.351-K444E,2,0.0001646,0.6224,2021-08-21
K041,B.1.351-K444E,2,5.487e-05,0.7175,2021-08-21
K041,B.1.351-K444E,2,1.829e-05,0.8139,2021-08-21
K046,B.1.351-K444E,1,0.04,5.733e-06,2021-08-21
K046,B.1.351-K444E,1,0.01333,3.668e-06,2021-08-21
K046,B.1.351-K444E,1,0.004444,0.01962,2021-08-21
K046,B.1.351-K444E,1,0.001481,0.1053,2021-08-21
K046,B.1.351-K444E,1,0.0004938,0.5071,2021-08-21
K046,B.1.351-K444E,1,0.0001646,0.8317,2021-08-21
K046,B.1.351-K444E,1,5.487e-05,0.886,2021-08-21
K046,B.1.351-K444E,1,1.829e-05,0.7992,2021-08-21
K046,B.1.351-K444E,2,0.04,-3.44e-06,2021-08-21
K046,B.1.351-K444E,2,0.01333,-4.716e-06,2021-08-21
K046,B.1.351-K444E,2,0.004444,0.01931,2021-08-21
K046,B.1.351-K444E,2,0.001481,0.06389,2021-08-21
K046,B.1.351-K444E,2,0.0004938,0.4099,2021-08-21
K046,B.1.351-K444E,2,0.0001646,0.5677,2021-08-21
K046,B.1.351-K444E,2,5.487e-05,0.8064,2021-08-21
K046,B.1.351-K444E,2,1.829e-05,0.785,2021-08-21
K114,B.1.351-K444E,1,0.04,-1.261e-05,2021-08-21
K114,B.1.351-K444E,1,0.01333,2.463e-05,2021-08-21
K114,B.1.351-K444E,1,0.004444,0.03778,2021-08-21
K114,B.1.351-K444E,1,0.001481,0.2197,2021-08-21
K114,B.1.351-K444E,1,0.0004938,0.618,2021-08-21
K114,B.1.351-K444E,1,0.0001646,0.6881,2021-08-21
K114,B.1.351-K444E,1,5.487e-05,0.9227,2021-08-21
K114,B.1.351-K444E,1,1.829e-05,0.8222,2021-08-21
K114,B.1.351-K444E,2,0.04,2.675e-06,2021-08-21
K114,B.1.351-K444E,2,0.01333,0.00176,2021-08-21
K114,B.1.351-K444E,2,0.004444,0.03496,2021-08-21
K114,B.1.351-K444E,2,0.001481,0.07391,2021-08-21
K114,B.1.351-K444E,2,0.0004938,0.7177,2021-08-21
K114,B.1.351-K444E,2,0.0001646,0.6428,2021-08-21
K114,B.1.351-K444E,2,5.487e-05,0.8741,2021-08-21
K114,B.1.351-K444E,2,1.829e-05,0.8588,2021-08-21
K119,B.1.351-K444E,1,0.04,2.675e-06,2021-08-21
K119,B.1.351-K444E,1,0.01333,-4.716e-06,2021-08-21
K119,B.1.351-K444E,1,0.004444,0.01235,2021-08-21
K119,B.1.351-K444E,1,0.001481,0.0569,2021-08-21
K119,B.1.351-K444E,1,0.0004938,0.3113,2021-08-21
K119,B.1.351-K444E,1,0.0001646,0.626,2021-08-21
K119,B.1.351-K444E,1,5.487e-05,0.6744,2021-08-21
K119,B.1.351-K444E,1,1.829e-05,0.7883,2021-08-21
K119,B.1.351-K444E,2,0.04,0.0008894,2021-08-21
K119,B.1.351-K444E,2,0.01333,7.859e-06,2021-08-21
K119,B.1.351-K444E,2,0.004444,0.02765,2021-08-21
K119,B.1.351-K444E,2,0.001481,0.1152,2021-08-21
K119,B.1.351-K444E,2,0.0004938,0.2057,2021-08-21
K119,B.1.351-K444E,2,0.0001646,0.3208,2021-08-21
K119,B.1.351-K444E,2,5.487e-05,0.8683,2021-08-21
K119,B.1.351-K444E,2,1.829e-05,0.8057,2021-08-21
K041,B.1.351-G446V,1,0.04,2.43e-05,2021-08-21
K041,B.1.351-G446V,1,0.01333,3.995e-05,2021-08-21
K041,B.1.351-G446V,1,0.004444,0.0273,2021-08-21
K041,B.1.351-G446V,1,0.001481,0.2504,2021-08-21
K041,B.1.351-G446V,1,0.0004938,0.5035,2021-08-21
K041,B.1.351-G446V,1,0.0001646,1.07,2021-08-21
K041,B.1.351-G446V,1,5.487e-05,1.195,2021-08-21
K041,B.1.351-G446V,1,1.829e-05,0.8125,2021-08-21
K041,B.1.351-G446V,2,0.04,-1e-05,2021-08-21
K041,B.1.351-G446V,2,0.01333,3.356e-05,2021-08-21
K041,B.1.351-G446V,2,0.004444,0.02452,2021-08-21
K041,B.1.351-G446V,2,0.001481,0.1321,2021-08-21
K041,B.1.351-G446V,2,0.0004938,0.5274,2021-08-21
K041,B.1.351-G446V,2,0.0001646,0.845,2021-08-21
K041,B.1.351-G446V,2,5.487e-05,1.052,2021-08-21
K041,B.1.351-G446V,2,1.829e-05,0.8446,2021-08-21
K046,B.1.351-G446V,1,0.04,-2.144e-05,2021-08-21
K046,B.1.351-G446V,1,0.01333,7.991e-06,2021-08-21
K046,B.1.351-G446V,1,0.004444,0.06339,2021-08-21
K046,B.1.351-G446V,1,0.001481,0.3152,2021-08-21
K046,B.1.351-G446V,1,0.0004938,0.8299,2021-08-21
K046,B.1.351-G446V,1,0.0001646,1.543,2021-08-21
K046,B.1.351-G446V,1,5.487e-05,1.262,2021-08-21
K046,B.1.351-G446V,1,1.829e-05,0.8024,2021-08-21
K046,B.1.351-G446V,2,0.04,-1.572e-05,2021-08-21
K046,B.1.351-G446V,2,0.01333,7.991e-06,2021-08-21
K046,B.1.351-G446V,2,0.004444,0.01297,2021-08-21
K046,B.1.351-G446V,2,0.001481,0.2649,2021-08-21
K046,B.1.351-G446V,2,0.0004938,0.4975,2021-08-21
K046,B.1.351-G446V,2,0.0001646,1.25,2021-08-21
K046,B.1.351-G446V,2,5.487e-05,1.305,2021-08-21
K046,B.1.351-G446V,2,1.829e-05,0.8245,2021-08-21
K114,B.1.351-G446V,1,0.04,-1.572e-05,2021-08-21
K114,B.1.351-G446V,1,0.01333,0.004381,2021-08-21
K114,B.1.351-G446V,1,0.004444,0.1023,2021-08-21
K114,B.1.351-G446V,1,0.001481,0.5636,2021-08-21
K114,B.1.351-G446V,1,0.0004938,0.8274,2021-08-21
K114,B.1.351-G446V,1,0.0001646,1.186,2021-08-21
K114,B.1.351-G446V,1,5.487e-05,1.305,2021-08-21
K114,B.1.351-G446V,1,1.829e-05,0.7445,2021-08-21
K114,B.1.351-G446V,2,0.04,-4.288e-06,2021-08-21
K114,B.1.351-G446V,2,0.01333,-1.758e-05,2021-08-21
K114,B.1.351-G446V,2,0.004444,0.0483,2021-08-21
K114,B.1.351-G446V,2,0.001481,0.4093,2021-08-21
K114,B.1.351-G446V,2,0.0004938,0.9529,2021-08-21
K114,B.1.351-G446V,2,0.0001646,0.9778,2021-08-21
K114,B.1.351-G446V,2,5.487e-05,1.083,2021-08-21
K114,B.1.351-G446V,2,1.829e-05,0.6205,2021-08-21
K119,B.1.351-G446V,1,0.04,-1e-05,2021-08-21
K119,B.1.351-G446V,1,0.01333,0.006759,2021-08-21
K119,B.1.351-G446V,1,0.004444,0.006853,2021-08-21
K119,B.1.351-G446V,1,0.001481,0.1733,2021-08-21
K119,B.1.351-G446V,1,0.0004938,0.374,2021-08-21
K119,B.1.351-G446V,1,0.0001646,1.071,2021-08-21
K119,B.1.351-G446V,1,5.487e-05,1.031,2021-08-21
K119,B.1.351-G446V,1,1.829e-05,0.7359,2021-08-21
K119,B.1.351-G446V,2,0.04,7.146e-06,2021-08-21
K119,B.1.351-G446V,2,0.01333,-4.795e-06,2021-08-21
K119,B.1.351-G446V,2,0.004444,0.03746,2021-08-21
K119,B.1.351-G446V,2,0.001481,0.1111,2021-08-21
K119,B.1.351-G446V,2,0.0004938,0.3205,2021-08-21
K119,B.1.351-G446V,2,0.0001646,0.9376,2021-08-21
K119,B.1.351-G446V,2,5.487e-05,1.206,2021-08-21
K119,B.1.351-G446V,2,1.829e-05,0.6912,2021-08-21
