isite,site,wildtype,mutant,count,n_countries,frequency
171,501,N,Y,1065574,710,0.46210543251669295
122,452,L,R,363019,328,0.15742975335995188
148,478,T,K,305623,254,0.13253894014122836
154,484,E,K,141692,426,0.06144729783586617
147,477,S,N,61998,231,0.026886553730824825
87,417,K,T,55798,191,0.024197811624125997
109,439,N,K,24236,182,0.010510379628702061
87,417,K,N,24210,194,0.010499104258577197
164,494,S,P,10807,128,0.004686650959208747
160,490,F,S,7176,158,0.00311200215446303
154,484,E,Q,6710,95,0.002909912828378892
190,520,A,S,5129,93,0.0022242835911706915
110,440,N,K,4857,89,0.0021063258729413234
122,452,L,Q,3764,79,0.0016323266596152237
171,501,N,T,3719,94,0.0016128115959375708
192,522,A,S,3441,106,0.0014922518692178492
16,346,R,K,2546,89,0.0011041189360734218
37,367,V,F,2293,95,0.0009944009113968405
54,384,P,L,1947,69,0.000844351755119777
27,357,R,K,1891,15,0.0008200663425431423
16,346,R,S,1839,68,0.0007975156022934103
97,427,D,N,1718,18,0.0007450417644046106
116,446,G,V,1274,70,0.0005524931361184364
147,477,S,R,1248,43,0.0005412177659935704
123,453,Y,F,1234,16,0.0005351464128494118
52,382,V,L,1092,62,0.00047356554524437413
192,522,A,V,1065,71,0.00046185650703778244
122,452,L,M,1050,52,0.0004553514858118982
147,477,S,I,979,44,0.0004245610520093794
37,367,V,L,961,31,0.00041675502653831825
145,475,A,V,946,46,0.000410250005312434
110,440,N,S,917,11,0.0003976736309423911
148,478,T,I,818,42,0.00035474049085155497
119,449,Y,S,817,11,0.00035430682276982935
125,455,L,F,812,48,0.00035213848236120127
149,479,P,S,757,45,0.0003282867378662923
18,348,A,S,743,54,0.0003222153847221337
54,384,P,S,732,38,0.00031744503582315187
160,490,F,L,680,43,0.00029489429557341977
55,385,T,N,674,38,0.00029229228708306607
153,483,V,F,665,48,0.0002883892743475355
55,385,T,I,602,58,0.00026106818519882165
141,471,E,Q,480,39,0.00020816067922829631
22,352,A,S,468,29,0.00020295666224758892
120,450,N,K,463,26,0.00020078832183896084
84,414,Q,R,458,35,0.00019861998143033273
192,522,A,P,450,24,0.0001951506367765278
148,478,T,R,430,22,0.00018647727514201545
32,362,V,F,416,28,0.00018040592199785682
166,496,G,S,414,28,0.00017953858583440556
14,344,A,S,409,41,0.00017737024542577748
84,414,Q,K,407,29,0.00017650290926232625
178,508,Y,H,394,41,0.00017086522419989324
173,503,V,I,392,19,0.000169997888036442
119,449,Y,H,392,34,0.000169997888036442
146,476,G,S,384,41,0.00016652854338263705
129,459,S,F,382,22,0.00016566120721918582
199,529,K,T,380,44,0.0001647938710557346
24,354,N,K,376,30,0.00016305919872883212
198,528,K,G,370,44,0.00016045719023847842
200,530,S,N,370,44,0.00016045719023847842
147,477,S,G,356,26,0.00015438583709431977
78,408,R,I,339,38,0.00014701347970498427
151,481,N,K,323,25,0.0001400747903973744
43,373,S,L,309,24,0.00013400343725321576
84,414,Q,H,308,4,0.00013356976917149014
196,526,G,T,282,41,0.0001222943990466241
195,525,C,I,282,41,0.0001222943990466241
186,516,E,Q,265,27,0.00011492204165728859
140,470,T,I,264,38,0.00011448837357556297
24,354,N,D,257,20,0.00011145269700348366
46,376,T,I,248,28,0.0001075496842679531
5,335,L,F,245,19,0.00010624868002277625
81,411,A,S,244,35,0.00010581501194105064
76,406,E,Q,242,20,0.00010494767577759939
78,408,R,K,240,20,0.00010408033961414816
184,514,S,F,238,31,0.00010321300345069692
73,403,R,K,231,14,0.00010017732687861761
192,522,A,Q,226,35,9.800898646998952e-05
190,520,A,V,220,23,9.540697797963582e-05
26,356,K,R,214,25,9.280496948928211e-05
8,338,F,L,212,31,9.193763332583088e-05
29,359,S,N,204,17,8.846828867202593e-05
114,444,K,R,200,21,8.673361634512347e-05
29,359,S,T,195,5,8.456527593649537e-05
138,468,I,V,194,28,8.413160785476976e-05
114,444,K,N,191,31,8.283060360959291e-05
140,470,T,N,189,23,8.196326744614168e-05
153,483,V,A,189,23,8.196326744614168e-05
163,493,Q,R,187,17,8.109593128269044e-05
9,339,G,D,185,18,8.022859511923921e-05
43,373,S,P,176,22,7.632558238370865e-05
191,521,P,S,173,31,7.50245781385318e-05
149,479,P,L,172,26,7.459091005680619e-05
145,475,A,S,169,22,7.328990581162933e-05
48,378,K,N,168,21,7.285623772990371e-05
187,517,L,F,162,31,7.025422923955001e-05
42,372,A,V,160,25,6.938689307609878e-05
128,458,K,N,159,21,6.895322499437315e-05
97,427,D,Y,157,24,6.808588883092192e-05
104,434,I,V,155,25,6.721855266747069e-05
9,339,G,S,152,30,6.591754842229384e-05
115,445,V,A,149,21,6.461654417711699e-05
173,503,V,F,147,25,6.374920801366574e-05
116,446,G,S,145,26,6.288187185021451e-05
164,494,S,L,144,31,6.24482037684889e-05
133,463,P,S,142,20,6.158086760503766e-05
40,370,N,S,138,10,5.984619527813519e-05
80,410,I,V,134,15,5.8111522951232726e-05
89,419,A,S,134,23,5.8111522951232726e-05
41,371,S,T,127,7,5.50758463791534e-05
111,441,L,R,125,3,5.4208510215702166e-05
37,367,V,A,124,9,5.377484213397655e-05
87,417,K,R,123,10,5.3341174052250934e-05
100,430,T,I,122,25,5.290750597052532e-05
37,367,V,I,120,19,5.204016980707408e-05
163,493,Q,K,119,16,5.160650172534846e-05
140,470,T,K,118,12,5.1172833643622846e-05
199,529,K,R,118,9,5.1172833643622846e-05
40,370,N,K,111,7,4.8137157071543526e-05
16,346,R,I,108,23,4.683615282636667e-05
71,401,V,L,107,21,4.6402484744641055e-05
175,505,Y,H,104,16,4.5101480499464206e-05
83,413,G,R,98,12,4.24994720091105e-05
11,341,V,I,95,15,4.119846776393365e-05
72,402,I,V,94,14,4.076479968220803e-05
141,471,E,G,91,15,3.9463795437031175e-05
24,354,N,S,89,19,3.859645927357994e-05
60,390,L,F,89,17,3.859645927357994e-05
155,485,G,A,89,10,3.859645927357994e-05
160,490,F,V,88,24,3.8162791191854327e-05
154,484,E,A,87,25,3.772912311012871e-05
160,490,F,Y,85,11,3.686178694667747e-05
78,408,R,G,85,9,3.686178694667747e-05
154,484,E,G,84,22,3.6428118864951855e-05
24,354,N,H,84,11,3.6428118864951855e-05
18,348,A,T,84,13,3.6428118864951855e-05
105,435,A,S,84,16,3.6428118864951855e-05
163,493,Q,E,83,4,3.599445078322624e-05
114,444,K,M,81,3,3.5127114619775006e-05
77,407,V,I,79,11,3.425977845632377e-05
22,352,A,V,79,16,3.425977845632377e-05
183,513,L,F,75,18,3.25251061294213e-05
104,434,I,M,75,6,3.25251061294213e-05
7,337,P,S,74,17,3.2091438047695686e-05
115,445,V,I,74,10,3.2091438047695686e-05
163,493,Q,L,73,12,3.165776996597006e-05
199,529,K,N,73,17,3.165776996597006e-05
155,485,G,R,70,13,3.0356765720793215e-05
118,448,N,S,69,19,2.9923097639067595e-05
129,459,S,Y,69,17,2.9923097639067595e-05
169,499,P,S,67,12,2.9055761475616363e-05
43,373,S,A,67,9,2.9055761475616363e-05
85,415,T,N,67,11,2.9055761475616363e-05
153,483,V,I,67,15,2.9055761475616363e-05
146,476,G,A,65,8,2.8188425312165127e-05
16,346,R,T,65,8,2.8188425312165127e-05
191,521,P,R,63,10,2.732108914871389e-05
130,460,N,S,62,13,2.6887421066988275e-05
75,405,D,Y,61,19,2.645375298526266e-05
115,445,V,F,61,17,2.645375298526266e-05
156,486,F,L,61,11,2.645375298526266e-05
16,346,R,G,60,8,2.602008490353704e-05
155,485,G,V,60,13,2.602008490353704e-05
38,368,L,I,59,11,2.5586416821811423e-05
130,460,N,I,58,10,2.5152748740085807e-05
19,349,S,P,57,20,2.4719080658360187e-05
138,468,I,T,55,16,2.3851744494908955e-05
74,404,G,C,55,7,2.3851744494908955e-05
64,394,N,S,55,8,2.3851744494908955e-05
103,433,V,I,54,12,2.3418076413183335e-05
97,427,D,G,54,13,2.3418076413183335e-05
141,471,E,D,54,10,2.3418076413183335e-05
1,331,N,T,53,9,2.298440833145772e-05
10,340,E,D,51,15,2.2117072168006483e-05
178,508,Y,C,51,3,2.2117072168006483e-05
64,394,N,Y,50,6,2.1683404086280867e-05
163,493,Q,H,48,15,2.081606792282963e-05
154,484,E,D,48,14,2.081606792282963e-05
193,523,T,S,48,11,2.081606792282963e-05
18,348,A,P,47,5,2.0382399841104015e-05
191,521,P,L,46,14,1.99487317593784e-05
85,415,T,A,46,7,1.99487317593784e-05
40,370,N,H,46,1,1.99487317593784e-05
189,519,H,Y,45,14,1.951506367765278e-05
14,344,A,V,45,8,1.951506367765278e-05
110,440,N,Y,45,9,1.951506367765278e-05
171,501,N,S,43,10,1.8647727514201547e-05
14,344,A,T,43,15,1.8647727514201547e-05
97,427,D,H,43,18,1.8647727514201547e-05
199,529,K,E,43,9,1.8647727514201547e-05
144,474,Q,H,42,14,1.8214059432475928e-05
151,481,N,S,42,5,1.8214059432475928e-05
110,440,N,T,42,9,1.8214059432475928e-05
126,456,F,L,42,14,1.8214059432475928e-05
26,356,K,N,41,10,1.778039135075031e-05
21,351,Y,F,41,7,1.778039135075031e-05
46,376,T,S,41,9,1.778039135075031e-05
117,447,G,V,41,11,1.778039135075031e-05
7,337,P,L,40,13,1.7346723269024695e-05
58,388,N,D,40,3,1.7346723269024695e-05
142,472,I,V,39,16,1.6913055187299076e-05
196,526,G,S,39,4,1.6913055187299076e-05
155,485,G,D,39,4,1.6913055187299076e-05
177,507,P,S,38,11,1.647938710557346e-05
135,465,E,D,38,11,1.647938710557346e-05
134,464,F,L,37,9,1.6045719023847843e-05
174,504,G,S,37,9,1.6045719023847843e-05
190,520,A,T,37,9,1.6045719023847843e-05
111,441,L,F,36,9,1.5612050942122224e-05
98,428,D,G,35,11,1.5178382860396607e-05
187,517,L,I,35,11,1.5178382860396607e-05
2,332,I,V,35,7,1.5178382860396607e-05
54,384,P,R,34,4,1.474471477867099e-05
169,499,P,H,34,10,1.474471477867099e-05
45,375,S,F,34,10,1.474471477867099e-05
130,460,N,K,34,9,1.474471477867099e-05
153,483,V,L,33,13,1.4311046696945372e-05
117,447,G,S,33,15,1.4311046696945372e-05
193,523,T,N,33,11,1.4311046696945372e-05
7,337,P,T,32,10,1.3877378615219755e-05
166,496,G,V,32,13,1.3877378615219755e-05
171,501,N,I,32,6,1.3877378615219755e-05
111,441,L,I,32,8,1.3877378615219755e-05
142,472,I,T,32,10,1.3877378615219755e-05
147,477,S,T,32,12,1.3877378615219755e-05
174,504,G,D,31,12,1.3443710533494138e-05
164,494,S,A,31,8,1.3443710533494138e-05
168,498,Q,K,31,9,1.3443710533494138e-05
51,381,G,R,31,8,1.3443710533494138e-05
177,507,P,A,31,4,1.3443710533494138e-05
198,528,K,I,31,4,1.3443710533494138e-05
45,375,S,T,30,7,1.301004245176852e-05
140,470,T,A,30,7,1.301004245176852e-05
145,475,A,T,30,7,1.301004245176852e-05
155,485,G,S,28,10,1.2142706288317286e-05
159,489,Y,H,28,11,1.2142706288317286e-05
31,361,C,T,28,9,1.2142706288317286e-05
44,374,F,L,28,10,1.2142706288317286e-05
29,359,S,G,28,12,1.2142706288317286e-05
193,523,T,A,28,8,1.2142706288317286e-05
83,413,G,V,27,13,1.1709038206591668e-05
171,501,N,H,27,7,1.1709038206591668e-05
193,523,T,I,27,10,1.1709038206591668e-05
3,333,T,I,27,14,1.1709038206591668e-05
152,482,G,S,27,7,1.1709038206591668e-05
96,426,P,S,27,8,1.1709038206591668e-05
90,420,D,N,27,9,1.1709038206591668e-05
169,499,P,L,26,13,1.1275370124866051e-05
120,450,N,D,26,13,1.1275370124866051e-05
198,528,K,R,26,7,1.1275370124866051e-05
41,371,S,P,26,8,1.1275370124866051e-05
149,479,P,H,26,9,1.1275370124866051e-05
173,503,V,A,26,9,1.1275370124866051e-05
42,372,A,P,26,8,1.1275370124866051e-05
81,411,A,V,26,10,1.1275370124866051e-05
10,340,E,K,26,5,1.1275370124866051e-05
121,451,Y,H,25,10,1.0841702043140434e-05
97,427,D,V,25,6,1.0841702043140434e-05
59,389,D,E,25,10,1.0841702043140434e-05
75,405,D,G,25,7,1.0841702043140434e-05
76,406,E,D,25,11,1.0841702043140434e-05
83,413,G,W,25,8,1.0841702043140434e-05
194,524,V,I,25,9,1.0841702043140434e-05
119,449,Y,D,24,3,1.0408033961414816e-05
2,332,I,T,24,3,1.0408033961414816e-05
161,491,P,S,23,11,9.9743658796892e-06
143,473,Y,F,23,5,9.9743658796892e-06
119,449,Y,N,23,8,9.9743658796892e-06
152,482,G,V,23,12,9.9743658796892e-06
97,427,D,E,23,3,9.9743658796892e-06
41,371,S,A,22,6,9.540697797963582e-06
174,504,G,N,22,8,9.540697797963582e-06
15,345,T,S,22,8,9.540697797963582e-06
40,370,N,D,22,2,9.540697797963582e-06
39,369,Y,H,22,6,9.540697797963582e-06
39,369,Y,F,22,3,9.540697797963582e-06
9,339,G,V,21,5,9.107029716237964e-06
131,461,L,I,21,5,9.107029716237964e-06
4,334,N,Y,21,5,9.107029716237964e-06
71,401,V,I,21,14,9.107029716237964e-06
63,393,T,I,21,7,9.107029716237964e-06
64,394,N,T,21,3,9.107029716237964e-06
42,372,A,T,21,13,9.107029716237964e-06
141,471,E,K,20,10,8.673361634512348e-06
83,413,G,E,20,8,8.673361634512348e-06
42,372,A,S,20,8,8.673361634512348e-06
199,529,K,M,20,10,8.673361634512348e-06
113,443,S,F,20,5,8.673361634512348e-06
118,448,N,T,20,6,8.673361634512348e-06
10,340,E,A,19,6,8.23969355278673e-06
156,486,F,S,19,10,8.23969355278673e-06
151,481,N,D,19,5,8.23969355278673e-06
160,490,F,I,19,9,8.23969355278673e-06
189,519,H,Q,19,11,8.23969355278673e-06
116,446,G,D,18,10,7.806025471061112e-06
169,499,P,R,18,7,7.806025471061112e-06
48,378,K,R,18,8,7.806025471061112e-06
188,518,L,I,18,6,7.806025471061112e-06
29,359,S,R,18,5,7.806025471061112e-06
64,394,N,D,18,2,7.806025471061112e-06
18,348,A,V,18,5,7.806025471061112e-06
146,476,G,D,17,8,7.372357389335495e-06
168,498,Q,R,17,6,7.372357389335495e-06
26,356,K,M,17,5,7.372357389335495e-06
7,337,P,R,17,4,7.372357389335495e-06
4,334,N,K,17,6,7.372357389335495e-06
173,503,V,L,17,10,7.372357389335495e-06
72,402,I,L,17,4,7.372357389335495e-06
170,500,T,S,17,5,7.372357389335495e-06
41,371,S,F,17,8,7.372357389335495e-06
181,511,V,I,17,7,7.372357389335495e-06
46,376,T,N,17,4,7.372357389335495e-06
75,405,D,E,17,6,7.372357389335495e-06
98,428,D,Y,17,8,7.372357389335495e-06
135,465,E,A,17,1,7.372357389335495e-06
65,395,V,I,16,8,6.938689307609878e-06
59,389,D,N,16,10,6.938689307609878e-06
85,415,T,I,16,7,6.938689307609878e-06
75,405,D,N,16,5,6.938689307609878e-06
78,408,R,T,16,6,6.938689307609878e-06
192,522,A,T,16,9,6.938689307609878e-06
85,415,T,S,16,6,6.938689307609878e-06
190,520,A,P,16,4,6.938689307609878e-06
65,395,V,L,16,4,6.938689307609878e-06
191,521,P,T,16,9,6.938689307609878e-06
67,397,A,V,15,6,6.50502122588426e-06
22,352,A,T,15,6,6.50502122588426e-06
105,435,A,T,15,3,6.50502122588426e-06
168,498,Q,H,15,2,6.50502122588426e-06
10,340,E,G,15,5,6.50502122588426e-06
27,357,R,I,15,10,6.50502122588426e-06
142,472,I,L,14,5,6.071353144158643e-06
50,380,Y,F,14,6,6.071353144158643e-06
110,440,N,D,14,7,6.071353144158643e-06
104,434,I,T,14,6,6.071353144158643e-06
141,471,E,V,14,6,6.071353144158643e-06
113,443,S,A,14,6,6.071353144158643e-06
28,358,I,V,14,8,6.071353144158643e-06
182,512,V,I,13,7,5.637685062433026e-06
45,375,S,P,13,8,5.637685062433026e-06
104,434,I,L,13,4,5.637685062433026e-06
65,395,V,F,13,7,5.637685062433026e-06
188,518,L,P,13,7,5.637685062433026e-06
67,397,A,S,13,6,5.637685062433026e-06
141,471,E,A,13,4,5.637685062433026e-06
176,506,Q,K,13,2,5.637685062433026e-06
154,484,E,R,13,6,5.637685062433026e-06
59,389,D,G,13,7,5.637685062433026e-06
4,334,N,H,13,3,5.637685062433026e-06
98,428,D,E,12,1,5.204016980707408e-06
33,363,A,V,12,8,5.204016980707408e-06
64,394,N,H,12,1,5.204016980707408e-06
135,465,E,G,12,6,5.204016980707408e-06
112,442,D,V,12,1,5.204016980707408e-06
117,447,G,D,12,5,5.204016980707408e-06
118,448,N,K,12,6,5.204016980707408e-06
136,466,R,K,12,4,5.204016980707408e-06
21,351,Y,H,12,6,5.204016980707408e-06
97,427,D,A,12,8,5.204016980707408e-06
12,342,F,I,12,1,5.204016980707408e-06
90,420,D,Y,12,7,5.204016980707408e-06
89,419,A,V,11,5,4.770348898981791e-06
201,531,T,R,11,3,4.770348898981791e-06
200,530,S,A,11,3,4.770348898981791e-06
9,339,G,C,11,7,4.770348898981791e-06
136,466,R,I,11,8,4.770348898981791e-06
118,448,N,D,11,7,4.770348898981791e-06
170,500,T,A,11,5,4.770348898981791e-06
181,511,V,L,11,7,4.770348898981791e-06
47,377,F,L,11,5,4.770348898981791e-06
166,496,G,R,11,5,4.770348898981791e-06
26,356,K,T,11,5,4.770348898981791e-06
39,369,Y,C,11,5,4.770348898981791e-06
175,505,Y,W,11,1,4.770348898981791e-06
196,526,G,A,11,3,4.770348898981791e-06
189,519,H,P,11,7,4.770348898981791e-06
30,360,N,S,11,3,4.770348898981791e-06
26,356,K,Q,11,4,4.770348898981791e-06
66,396,Y,F,11,3,4.770348898981791e-06
146,476,G,V,11,7,4.770348898981791e-06
32,362,V,I,11,4,4.770348898981791e-06
100,430,T,A,10,6,4.336680817256174e-06
151,481,N,Y,10,5,4.336680817256174e-06
88,418,I,V,10,6,4.336680817256174e-06
34,364,D,N,10,4,4.336680817256174e-06
116,446,G,A,10,7,4.336680817256174e-06
180,510,V,L,10,8,4.336680817256174e-06
81,411,A,T,10,6,4.336680817256174e-06
125,455,L,S,10,4,4.336680817256174e-06
154,484,E,V,10,4,4.336680817256174e-06
130,460,N,T,10,4,4.336680817256174e-06
78,408,R,S,10,5,4.336680817256174e-06
30,360,N,Y,9,5,3.903012735530556e-06
127,457,R,S,9,5,3.903012735530556e-06
133,463,P,L,9,5,3.903012735530556e-06
119,449,Y,F,9,3,3.903012735530556e-06
53,383,S,F,9,5,3.903012735530556e-06
185,515,F,L,9,6,3.903012735530556e-06
114,444,K,T,9,3,3.903012735530556e-06
148,478,T,A,9,4,3.903012735530556e-06
3,333,T,K,9,4,3.903012735530556e-06
132,462,K,R,9,6,3.903012735530556e-06
174,504,G,V,9,6,3.903012735530556e-06
132,462,K,I,9,4,3.903012735530556e-06
132,462,K,E,9,5,3.903012735530556e-06
124,454,R,K,9,2,3.903012735530556e-06
128,458,K,R,9,7,3.903012735530556e-06
169,499,P,T,9,5,3.903012735530556e-06
106,436,W,L,8,4,3.469344653804939e-06
123,453,Y,H,8,6,3.469344653804939e-06
108,438,S,A,8,2,3.469344653804939e-06
132,462,K,T,8,2,3.469344653804939e-06
98,428,D,H,8,4,3.469344653804939e-06
201,531,T,S,8,6,3.469344653804939e-06
5,335,L,S,8,7,3.469344653804939e-06
54,384,P,H,8,4,3.469344653804939e-06
44,374,F,Y,8,4,3.469344653804939e-06
183,513,L,I,8,8,3.469344653804939e-06
200,530,S,P,8,7,3.469344653804939e-06
75,405,D,H,8,4,3.469344653804939e-06
90,420,D,A,8,2,3.469344653804939e-06
12,342,F,L,8,5,3.469344653804939e-06
192,522,A,E,8,5,3.469344653804939e-06
175,505,Y,F,8,2,3.469344653804939e-06
201,531,T,N,8,6,3.469344653804939e-06
7,337,P,H,8,6,3.469344653804939e-06
22,352,A,D,8,2,3.469344653804939e-06
144,474,Q,E,7,2,3.0356765720793214e-06
65,395,V,A,7,3,3.0356765720793214e-06
184,514,S,T,7,3,3.0356765720793214e-06
186,516,E,G,7,4,3.0356765720793214e-06
112,442,D,Y,7,3,3.0356765720793214e-06
110,440,N,I,7,2,3.0356765720793214e-06
1,331,N,S,7,5,3.0356765720793214e-06
75,405,D,A,7,4,3.0356765720793214e-06
48,378,K,M,7,2,3.0356765720793214e-06
73,403,R,S,7,6,3.0356765720793214e-06
128,458,K,T,7,2,3.0356765720793214e-06
63,393,T,S,7,2,3.0356765720793214e-06
95,425,L,V,7,3,3.0356765720793214e-06
193,523,T,G,7,1,3.0356765720793214e-06
120,450,N,S,7,5,3.0356765720793214e-06
152,482,G,D,7,5,3.0356765720793214e-06
139,469,S,L,7,6,3.0356765720793214e-06
192,522,A,G,7,3,3.0356765720793214e-06
89,419,A,T,7,2,3.0356765720793214e-06
87,417,K,M,7,3,3.0356765720793214e-06
112,442,D,F,7,1,3.0356765720793214e-06
140,470,T,S,7,5,3.0356765720793214e-06
149,479,P,R,7,2,3.0356765720793214e-06
187,517,L,P,7,5,3.0356765720793214e-06
55,385,T,A,7,4,3.0356765720793214e-06
4,334,N,S,7,5,3.0356765720793214e-06
164,494,S,T,7,5,3.0356765720793214e-06
64,394,N,I,6,4,2.602008490353704e-06
52,382,V,A,6,3,2.602008490353704e-06
63,393,T,A,6,3,2.602008490353704e-06
52,382,V,M,6,4,2.602008490353704e-06
143,473,Y,H,6,3,2.602008490353704e-06
114,444,K,L,6,1,2.602008490353704e-06
129,459,S,P,6,5,2.602008490353704e-06
62,392,F,V,6,2,2.602008490353704e-06
130,460,N,Y,6,4,2.602008490353704e-06
54,384,P,A,6,4,2.602008490353704e-06
153,483,V,G,6,2,2.602008490353704e-06
114,444,K,F,6,1,2.602008490353704e-06
109,439,N,I,6,1,2.602008490353704e-06
106,436,W,C,6,3,2.602008490353704e-06
187,517,L,H,6,3,2.602008490353704e-06
161,491,P,L,6,3,2.602008490353704e-06
38,368,L,P,6,6,2.602008490353704e-06
138,468,I,L,6,4,2.602008490353704e-06
138,468,I,F,6,5,2.602008490353704e-06
82,412,P,L,6,4,2.602008490353704e-06
73,403,R,I,6,4,2.602008490353704e-06
84,414,Q,L,6,4,2.602008490353704e-06
165,495,Y,H,6,4,2.602008490353704e-06
83,413,G,A,6,2,2.602008490353704e-06
45,375,S,A,6,5,2.602008490353704e-06
28,358,I,T,6,3,2.602008490353704e-06
77,407,V,A,6,4,2.602008490353704e-06
197,527,P,T,6,3,2.602008490353704e-06
74,404,G,S,6,2,2.602008490353704e-06
127,457,R,K,6,5,2.602008490353704e-06
24,354,N,I,5,1,2.168340408628087e-06
188,518,L,Q,5,3,2.168340408628087e-06
190,520,A,L,5,2,2.168340408628087e-06
59,389,D,H,5,3,2.168340408628087e-06
36,366,S,P,5,2,2.168340408628087e-06
189,519,H,R,5,2,2.168340408628087e-06
144,474,Q,R,5,4,2.168340408628087e-06
29,359,S,I,5,2,2.168340408628087e-06
186,516,E,V,5,4,2.168340408628087e-06
184,514,S,Y,5,4,2.168340408628087e-06
54,384,P,T,5,5,2.168340408628087e-06
118,448,N,Y,5,3,2.168340408628087e-06
28,358,I,L,5,4,2.168340408628087e-06
115,445,V,D,5,3,2.168340408628087e-06
23,353,W,C,5,1,2.168340408628087e-06
152,482,G,R,5,4,2.168340408628087e-06
32,362,V,L,5,2,2.168340408628087e-06
73,403,R,G,5,3,2.168340408628087e-06
197,527,P,L,5,4,2.168340408628087e-06
198,528,K,S,5,4,2.168340408628087e-06
164,494,S,R,5,1,2.168340408628087e-06
87,417,K,E,5,4,2.168340408628087e-06
200,530,S,T,5,3,2.168340408628087e-06
66,396,Y,H,5,3,2.168340408628087e-06
98,428,D,V,5,3,2.168340408628087e-06
62,392,F,L,5,2,2.168340408628087e-06
91,421,Y,F,5,3,2.168340408628087e-06
197,527,P,S,5,3,2.168340408628087e-06
33,363,A,S,5,3,2.168340408628087e-06
10,340,E,Q,4,2,1.7346723269024694e-06
199,529,K,Q,4,1,1.7346723269024694e-06
138,468,I,M,4,3,1.7346723269024694e-06
156,486,F,I,4,2,1.7346723269024694e-06
44,374,F,S,4,3,1.7346723269024694e-06
5,335,L,V,4,3,1.7346723269024694e-06
166,496,G,D,4,3,1.7346723269024694e-06
80,410,I,L,4,2,1.7346723269024694e-06
82,412,P,Q,4,2,1.7346723269024694e-06
187,517,L,V,4,4,1.7346723269024694e-06
42,372,A,E,4,2,1.7346723269024694e-06
36,366,S,Y,4,3,1.7346723269024694e-06
159,489,Y,C,4,3,1.7346723269024694e-06
120,450,N,Y,4,2,1.7346723269024694e-06
147,477,S,K,4,2,1.7346723269024694e-06
139,469,S,A,4,3,1.7346723269024694e-06
189,519,H,D,4,3,1.7346723269024694e-06
122,452,L,V,4,3,1.7346723269024694e-06
122,452,L,W,4,3,1.7346723269024694e-06
191,521,P,Q,4,4,1.7346723269024694e-06
189,519,H,N,4,2,1.7346723269024694e-06
190,520,A,E,4,4,1.7346723269024694e-06
123,453,Y,S,4,2,1.7346723269024694e-06
3,333,T,A,4,2,1.7346723269024694e-06
79,409,Q,L,4,3,1.7346723269024694e-06
60,390,L,I,4,3,1.7346723269024694e-06
118,448,N,G,4,1,1.7346723269024694e-06
26,356,K,E,4,3,1.7346723269024694e-06
151,481,N,T,4,3,1.7346723269024694e-06
58,388,N,S,4,2,1.7346723269024694e-06
113,443,S,Y,4,1,1.7346723269024694e-06
111,441,L,V,4,1,1.7346723269024694e-06
144,474,Q,K,4,3,1.7346723269024694e-06
62,392,F,S,4,2,1.7346723269024694e-06
56,386,K,R,4,2,1.7346723269024694e-06
177,507,P,L,4,4,1.7346723269024694e-06
20,350,V,I,4,2,1.7346723269024694e-06
132,462,K,Q,4,1,1.7346723269024694e-06
24,354,N,T,4,3,1.7346723269024694e-06
19,349,S,A,4,3,1.7346723269024694e-06
115,445,V,G,4,3,1.7346723269024694e-06
14,344,A,D,4,3,1.7346723269024694e-06
72,402,I,T,4,4,1.7346723269024694e-06
23,353,W,R,4,2,1.7346723269024694e-06
170,500,T,I,4,3,1.7346723269024694e-06
107,437,N,S,4,4,1.7346723269024694e-06
116,446,G,R,4,2,1.7346723269024694e-06
198,528,K,E,3,3,1.301004245176852e-06
131,461,L,F,3,2,1.301004245176852e-06
11,341,V,F,3,3,1.301004245176852e-06
145,475,A,P,3,2,1.301004245176852e-06
27,357,R,T,3,2,1.301004245176852e-06
17,347,F,L,3,3,1.301004245176852e-06
25,355,R,S,3,2,1.301004245176852e-06
27,357,R,G,3,3,1.301004245176852e-06
125,455,L,V,3,1,1.301004245176852e-06
128,458,K,Q,3,3,1.301004245176852e-06
19,349,S,F,3,3,1.301004245176852e-06
18,348,A,G,3,2,1.301004245176852e-06
192,522,A,L,3,2,1.301004245176852e-06
128,458,K,E,3,2,1.301004245176852e-06
139,469,S,T,3,2,1.301004245176852e-06
33,363,A,T,3,2,1.301004245176852e-06
114,444,K,I,3,1,1.301004245176852e-06
151,481,N,I,3,2,1.301004245176852e-06
113,443,S,C,3,1,1.301004245176852e-06
59,389,D,Y,3,3,1.301004245176852e-06
102,432,C,F,3,3,1.301004245176852e-06
112,442,D,E,3,3,1.301004245176852e-06
111,441,L,Y,3,1,1.301004245176852e-06
81,411,A,P,3,3,1.301004245176852e-06
172,502,G,V,3,3,1.301004245176852e-06
189,519,H,L,3,3,1.301004245176852e-06
171,501,N,K,3,2,1.301004245176852e-06
69,399,S,P,3,3,1.301004245176852e-06
71,401,V,A,3,2,1.301004245176852e-06
79,409,Q,H,3,3,1.301004245176852e-06
108,438,S,T,3,2,1.301004245176852e-06
74,404,G,V,3,3,1.301004245176852e-06
75,405,D,V,3,2,1.301004245176852e-06
155,485,G,C,3,3,1.301004245176852e-06
182,512,V,L,3,3,1.301004245176852e-06
90,420,D,G,3,3,1.301004245176852e-06
115,445,V,L,3,2,1.301004245176852e-06
149,479,P,T,3,2,1.301004245176852e-06
96,426,P,L,3,1,1.301004245176852e-06
96,426,P,T,3,3,1.301004245176852e-06
94,424,K,N,3,2,1.301004245176852e-06
158,488,C,F,3,2,1.301004245176852e-06
36,366,S,A,3,2,1.301004245176852e-06
182,512,V,F,3,1,1.301004245176852e-06
188,518,L,V,3,3,1.301004245176852e-06
37,367,V,G,3,3,1.301004245176852e-06
161,491,P,T,3,3,1.301004245176852e-06
168,498,Q,L,2,2,8.673361634512347e-07
142,472,I,F,2,2,8.673361634512347e-07
166,496,G,C,2,2,8.673361634512347e-07
157,487,N,K,2,2,8.673361634512347e-07
155,485,G,T,2,2,8.673361634512347e-07
165,495,Y,S,2,2,8.673361634512347e-07
157,487,N,D,2,2,8.673361634512347e-07
199,529,K,S,2,1,8.673361634512347e-07
162,492,L,S,2,2,8.673361634512347e-07
163,493,Q,P,2,1,8.673361634512347e-07
165,495,Y,F,2,2,8.673361634512347e-07
157,487,N,T,2,1,8.673361634512347e-07
200,530,S,F,2,2,8.673361634512347e-07
156,486,F,Y,2,1,8.673361634512347e-07
172,502,G,C,2,2,8.673361634512347e-07
142,472,I,M,2,2,8.673361634512347e-07
178,508,Y,F,2,2,8.673361634512347e-07
146,476,G,C,2,2,8.673361634512347e-07
189,519,H,A,2,1,8.673361634512347e-07
183,513,L,P,2,1,8.673361634512347e-07
148,478,T,S,2,2,8.673361634512347e-07
181,511,V,A,2,2,8.673361634512347e-07
180,510,V,I,2,1,8.673361634512347e-07
180,510,V,E,2,2,8.673361634512347e-07
179,509,R,S,2,2,8.673361634512347e-07
179,509,R,K,2,2,8.673361634512347e-07
150,480,C,F,2,1,8.673361634512347e-07
170,500,T,P,2,2,8.673361634512347e-07
150,480,C,R,2,1,8.673361634512347e-07
151,481,N,H,2,2,8.673361634512347e-07
174,504,G,Q,2,2,8.673361634512347e-07
193,523,T,P,2,2,8.673361634512347e-07
194,524,V,A,2,2,8.673361634512347e-07
172,502,G,S,2,2,8.673361634512347e-07
172,502,G,R,2,2,8.673361634512347e-07
171,501,N,F,2,2,8.673361634512347e-07
197,527,P,Q,2,1,8.673361634512347e-07
179,509,R,T,2,2,8.673361634512347e-07
1,331,N,D,2,2,8.673361634512347e-07
72,402,I,N,2,2,8.673361634512347e-07
114,444,K,E,2,2,8.673361634512347e-07
63,393,T,N,2,2,8.673361634512347e-07
64,394,N,K,2,2,8.673361634512347e-07
67,397,A,L,2,2,8.673361634512347e-07
67,397,A,T,2,2,8.673361634512347e-07
70,400,F,L,2,2,8.673361634512347e-07
74,404,G,A,2,1,8.673361634512347e-07
77,407,V,L,2,1,8.673361634512347e-07
79,409,Q,E,2,2,8.673361634512347e-07
83,413,G,C,2,1,8.673361634512347e-07
85,415,T,P,2,2,8.673361634512347e-07
86,416,G,R,2,1,8.673361634512347e-07
92,422,N,I,2,1,8.673361634512347e-07
98,428,D,A,2,2,8.673361634512347e-07
100,430,T,S,2,2,8.673361634512347e-07
101,431,G,R,2,2,8.673361634512347e-07
101,431,G,V,2,1,8.673361634512347e-07
103,433,V,F,2,2,8.673361634512347e-07
103,433,V,L,2,2,8.673361634512347e-07
108,438,S,Y,2,2,8.673361634512347e-07
109,439,N,S,2,2,8.673361634512347e-07
110,440,N,E,2,1,8.673361634512347e-07
110,440,N,F,2,1,8.673361634512347e-07
110,440,N,H,2,1,8.673361634512347e-07
111,441,L,M,2,1,8.673361634512347e-07
112,442,D,I,2,1,8.673361634512347e-07
59,389,D,T,2,1,8.673361634512347e-07
53,383,S,A,2,1,8.673361634512347e-07
52,382,V,E,2,2,8.673361634512347e-07
28,358,I,F,2,2,8.673361634512347e-07
4,334,N,D,2,2,8.673361634512347e-07
4,334,N,T,2,1,8.673361634512347e-07
8,338,F,S,2,1,8.673361634512347e-07
11,341,V,A,2,2,8.673361634512347e-07
12,342,F,C,2,2,8.673361634512347e-07
15,345,T,I,2,2,8.673361634512347e-07
20,350,V,A,2,2,8.673361634512347e-07
21,351,Y,D,2,2,8.673361634512347e-07
23,353,W,F,2,2,8.673361634512347e-07
23,353,W,L,2,2,8.673361634512347e-07
26,356,K,Y,2,1,8.673361634512347e-07
32,362,V,A,2,1,8.673361634512347e-07
51,381,G,E,2,2,8.673361634512347e-07
34,364,D,G,2,2,8.673361634512347e-07
35,365,Y,C,2,2,8.673361634512347e-07
35,365,Y,E,2,2,8.673361634512347e-07
35,365,Y,H,2,1,8.673361634512347e-07
36,366,S,L,2,1,8.673361634512347e-07
41,371,S,Y,2,2,8.673361634512347e-07
42,372,A,L,2,1,8.673361634512347e-07
44,374,F,V,2,2,8.673361634512347e-07
45,375,S,Y,2,1,8.673361634512347e-07
49,379,C,F,2,2,8.673361634512347e-07
50,380,Y,N,2,2,8.673361634512347e-07
113,443,S,L,2,1,8.673361634512347e-07
111,441,L,H,2,1,8.673361634512347e-07
127,457,R,T,2,2,8.673361634512347e-07
117,447,G,F,2,2,8.673361634512347e-07
124,454,R,I,2,2,8.673361634512347e-07
119,449,Y,V,2,1,8.673361634512347e-07
127,457,R,M,2,1,8.673361634512347e-07
122,452,L,P,2,2,8.673361634512347e-07
126,456,F,Y,2,1,8.673361634512347e-07
114,444,K,Y,2,1,8.673361634512347e-07
134,464,F,S,2,1,8.673361634512347e-07
136,466,R,S,2,2,8.673361634512347e-07
133,463,P,A,2,2,8.673361634512347e-07
121,451,Y,D,2,1,8.673361634512347e-07
130,460,N,D,2,2,8.673361634512347e-07
133,463,P,R,2,1,8.673361634512347e-07
42,372,A,G,1,1,4.3366808172561736e-07
39,369,Y,S,1,1,4.3366808172561736e-07
40,370,N,Y,1,1,4.3366808172561736e-07
186,516,E,D,1,1,4.3366808172561736e-07
40,370,N,I,1,1,4.3366808172561736e-07
186,516,E,A,1,1,4.3366808172561736e-07
44,374,F,C,1,1,4.3366808172561736e-07
130,460,N,H,1,1,4.3366808172561736e-07
114,444,K,D,1,1,4.3366808172561736e-07
39,369,Y,D,1,1,4.3366808172561736e-07
38,368,L,R,1,1,4.3366808172561736e-07
37,367,V,Y,1,1,4.3366808172561736e-07
36,366,S,T,1,1,4.3366808172561736e-07
132,462,K,N,1,1,4.3366808172561736e-07
188,518,L,S,1,1,4.3366808172561736e-07
36,366,S,F,1,1,4.3366808172561736e-07
35,365,Y,S,1,1,4.3366808172561736e-07
35,365,Y,N,1,1,4.3366808172561736e-07
35,365,Y,F,1,1,4.3366808172561736e-07
133,463,P,H,1,1,4.3366808172561736e-07
35,365,Y,D,1,1,4.3366808172561736e-07
34,364,D,Y,1,1,4.3366808172561736e-07
38,368,L,Q,1,1,4.3366808172561736e-07
184,514,S,A,1,1,4.3366808172561736e-07
184,514,S,C,1,1,4.3366808172561736e-07
34,364,D,E,1,1,4.3366808172561736e-07
57,387,L,S,1,1,4.3366808172561736e-07
176,506,Q,P,1,1,4.3366808172561736e-07
56,386,K,Q,1,1,4.3366808172561736e-07
177,507,P,K,1,1,4.3366808172561736e-07
55,385,T,S,1,1,4.3366808172561736e-07
53,383,S,Y,1,1,4.3366808172561736e-07
177,507,P,T,1,1,4.3366808172561736e-07
125,455,L,M,1,1,4.3366808172561736e-07
52,382,V,F,1,1,4.3366808172561736e-07
126,456,F,C,1,1,4.3366808172561736e-07
178,508,Y,S,1,1,4.3366808172561736e-07
179,509,R,I,1,1,4.3366808172561736e-07
126,456,F,I,1,1,4.3366808172561736e-07
51,381,G,A,1,1,4.3366808172561736e-07
50,380,Y,S,1,1,4.3366808172561736e-07
126,456,F,V,1,1,4.3366808172561736e-07
180,510,V,G,1,1,4.3366808172561736e-07
50,380,Y,H,1,1,4.3366808172561736e-07
50,380,Y,C,1,1,4.3366808172561736e-07
49,379,C,W,1,1,4.3366808172561736e-07
181,511,V,E,1,1,4.3366808172561736e-07
49,379,C,S,1,1,4.3366808172561736e-07
182,512,V,A,1,1,4.3366808172561736e-07
48,378,K,Q,1,1,4.3366808172561736e-07
48,378,K,E,1,1,4.3366808172561736e-07
47,377,F,S,1,1,4.3366808172561736e-07
47,377,F,I,1,1,4.3366808172561736e-07
46,376,T,P,1,1,4.3366808172561736e-07
46,376,T,A,1,1,4.3366808172561736e-07
133,463,P,T,1,1,4.3366808172561736e-07
33,363,A,P,1,1,4.3366808172561736e-07
34,364,D,A,1,1,4.3366808172561736e-07
19,349,S,T,1,1,4.3366808172561736e-07
18,348,A,E,1,1,4.3366808172561736e-07
197,527,P,N,1,1,4.3366808172561736e-07
17,347,F,S,1,1,4.3366808172561736e-07
17,347,F,I,1,1,4.3366808172561736e-07
17,347,F,C,1,1,4.3366808172561736e-07
15,345,T,N,1,1,4.3366808172561736e-07
137,467,D,K,1,1,4.3366808172561736e-07
14,344,A,P,1,1,4.3366808172561736e-07
198,528,K,Q,1,1,4.3366808172561736e-07
13,343,N,S,1,1,4.3366808172561736e-07
13,343,N,K,1,1,4.3366808172561736e-07
199,529,K,C,1,1,4.3366808172561736e-07
137,467,D,N,1,1,4.3366808172561736e-07
199,529,K,I,1,1,4.3366808172561736e-07
137,467,D,V,1,1,4.3366808172561736e-07
10,340,E,V,1,1,4.3366808172561736e-07
9,339,G,N,1,1,4.3366808172561736e-07
8,338,F,Y,1,1,4.3366808172561736e-07
137,467,D,Y,1,1,4.3366808172561736e-07
8,338,F,P,1,1,4.3366808172561736e-07
6,336,C,S,1,1,4.3366808172561736e-07
5,335,L,M,1,1,4.3366808172561736e-07
140,470,T,P,1,1,4.3366808172561736e-07
4,334,N,I,1,1,4.3366808172561736e-07
138,468,I,S,1,1,4.3366808172561736e-07
200,530,S,V,1,1,4.3366808172561736e-07
200,530,S,Y,1,1,4.3366808172561736e-07
3,333,T,S,1,1,4.3366808172561736e-07
3,333,T,R,1,1,4.3366808172561736e-07
18,348,A,Q,1,1,4.3366808172561736e-07
196,526,G,K,1,1,4.3366808172561736e-07
33,363,A,Q,1,1,4.3366808172561736e-07
19,349,S,Y,1,1,4.3366808172561736e-07
58,388,N,K,1,1,4.3366808172561736e-07
33,363,A,F,1,1,4.3366808172561736e-07
191,521,P,H,1,1,4.3366808172561736e-07
33,363,A,D,1,1,4.3366808172561736e-07
142,472,I,N,1,1,4.3366808172561736e-07
31,361,C,S,1,1,4.3366808172561736e-07
31,361,C,R,1,1,4.3366808172561736e-07
31,361,C,G,1,1,4.3366808172561736e-07
31,361,C,F,1,1,4.3366808172561736e-07
30,360,N,L,1,1,4.3366808172561736e-07
29,359,S,C,1,1,4.3366808172561736e-07
28,358,I,A,1,1,4.3366808172561736e-07
135,465,E,K,1,1,4.3366808172561736e-07
26,356,K,W,1,1,4.3366808172561736e-07
25,355,R,T,1,1,4.3366808172561736e-07
24,354,N,Y,1,1,4.3366808172561736e-07
23,353,W,S,1,1,4.3366808172561736e-07
135,465,E,Q,1,1,4.3366808172561736e-07
21,351,Y,S,1,1,4.3366808172561736e-07
137,467,D,G,1,1,4.3366808172561736e-07
21,351,Y,C,1,1,4.3366808172561736e-07
194,524,V,F,1,1,4.3366808172561736e-07
20,350,V,G,1,1,4.3366808172561736e-07
194,524,V,L,1,1,4.3366808172561736e-07
195,525,C,F,1,1,4.3366808172561736e-07
137,467,D,H,1,1,4.3366808172561736e-07
195,525,C,R,1,1,4.3366808172561736e-07
195,525,C,V,1,1,4.3366808172561736e-07
195,525,C,W,1,1,4.3366808172561736e-07
58,388,N,I,1,1,4.3366808172561736e-07
124,454,R,S,1,1,4.3366808172561736e-07
58,388,N,T,1,1,4.3366808172561736e-07
89,419,A,G,1,1,4.3366808172561736e-07
101,431,G,D,1,1,4.3366808172561736e-07
157,487,N,H,1,1,4.3366808172561736e-07
157,487,N,I,1,1,4.3366808172561736e-07
118,448,N,I,1,1,4.3366808172561736e-07
157,487,N,S,1,1,4.3366808172561736e-07
100,430,T,M,1,1,4.3366808172561736e-07
99,429,F,L,1,1,4.3366808172561736e-07
158,488,C,G,1,1,4.3366808172561736e-07
158,488,C,R,1,1,4.3366808172561736e-07
158,488,C,W,1,1,4.3366808172561736e-07
98,428,D,R,1,1,4.3366808172561736e-07
159,489,Y,F,1,1,4.3366808172561736e-07
159,489,Y,N,1,1,4.3366808172561736e-07
159,489,Y,S,1,1,4.3366808172561736e-07
160,490,F,C,1,1,4.3366808172561736e-07
97,427,D,C,1,1,4.3366808172561736e-07
96,426,P,C,1,1,4.3366808172561736e-07
160,490,F,R,1,1,4.3366808172561736e-07
96,426,P,A,1,1,4.3366808172561736e-07
95,425,L,S,1,1,4.3366808172561736e-07
95,425,L,F,1,1,4.3366808172561736e-07
161,491,P,A,1,1,4.3366808172561736e-07
161,491,P,H,1,1,4.3366808172561736e-07
93,423,Y,C,1,1,4.3366808172561736e-07
161,491,P,R,1,1,4.3366808172561736e-07
120,450,N,H,1,1,4.3366808172561736e-07
90,420,D,V,1,1,4.3366808172561736e-07
162,492,L,I,1,1,4.3366808172561736e-07
90,420,D,E,1,1,4.3366808172561736e-07
118,448,N,H,1,1,4.3366808172561736e-07
156,486,F,V,1,1,4.3366808172561736e-07
117,447,G,R,1,1,4.3366808172561736e-07
115,445,V,S,1,1,4.3366808172561736e-07
114,444,K,Q,1,1,4.3366808172561736e-07
112,442,D,N,1,1,4.3366808172561736e-07
112,442,D,L,1,1,4.3366808172561736e-07
152,482,G,A,1,1,4.3366808172561736e-07
150,480,C,W,1,1,4.3366808172561736e-07
152,482,G,N,1,1,4.3366808172561736e-07
112,442,D,H,1,1,4.3366808172561736e-07
111,441,L,S,1,1,4.3366808172561736e-07
111,441,L,N,1,1,4.3366808172561736e-07
150,480,C,S,1,1,4.3366808172561736e-07
111,441,L,E,1,1,4.3366808172561736e-07
110,440,N,R,1,1,4.3366808172561736e-07
115,445,V,C,1,1,4.3366808172561736e-07
109,439,N,Y,1,1,4.3366808172561736e-07
103,433,V,A,1,1,4.3366808172561736e-07
109,439,N,T,1,1,4.3366808172561736e-07
115,445,V,Y,1,1,4.3366808172561736e-07
109,439,N,D,1,1,4.3366808172561736e-07
117,447,G,C,1,1,4.3366808172561736e-07
154,484,E,T,1,1,4.3366808172561736e-07
108,438,S,F,1,1,4.3366808172561736e-07
108,438,S,C,1,1,4.3366808172561736e-07
107,437,N,I,1,1,4.3366808172561736e-07
106,436,W,F,1,1,4.3366808172561736e-07
105,435,A,P,1,1,4.3366808172561736e-07
104,434,I,K,1,1,4.3366808172561736e-07
149,479,P,N,1,1,4.3366808172561736e-07
103,433,V,G,1,1,4.3366808172561736e-07
162,492,L,V,1,1,4.3366808172561736e-07
88,418,I,T,1,1,4.3366808172561736e-07
174,504,G,Y,1,1,4.3366808172561736e-07
88,418,I,N,1,1,4.3366808172561736e-07
139,469,S,P,1,1,4.3366808172561736e-07
72,402,I,F,1,1,4.3366808172561736e-07
171,501,N,D,1,1,4.3366808172561736e-07
70,400,F,Y,1,1,4.3366808172561736e-07
70,400,F,S,1,1,4.3366808172561736e-07
123,453,Y,D,1,1,4.3366808172561736e-07
69,399,S,L,1,1,4.3366808172561736e-07
69,399,S,A,1,1,4.3366808172561736e-07
68,398,D,Y,1,1,4.3366808172561736e-07
68,398,D,G,1,1,4.3366808172561736e-07
172,502,G,A,1,1,4.3366808172561736e-07
146,476,G,Y,1,1,4.3366808172561736e-07
124,454,R,G,1,1,4.3366808172561736e-07
63,393,T,P,1,1,4.3366808172561736e-07
172,502,G,Y,1,1,4.3366808172561736e-07
146,476,G,F,1,1,4.3366808172561736e-07
63,393,T,L,1,1,4.3366808172561736e-07
173,503,V,G,1,1,4.3366808172561736e-07
62,392,F,Y,1,1,4.3366808172561736e-07
62,392,F,I,1,1,4.3366808172561736e-07
173,503,V,T,1,1,4.3366808172561736e-07
174,504,G,C,1,1,4.3366808172561736e-07
62,392,F,C,1,1,4.3366808172561736e-07
174,504,G,E,1,1,4.3366808172561736e-07
60,390,L,V,1,1,4.3366808172561736e-07
60,390,L,P,1,1,4.3366808172561736e-07
174,504,G,R,1,1,4.3366808172561736e-07
60,390,L,H,1,1,4.3366808172561736e-07
113,443,S,V,1,1,4.3366808172561736e-07
170,500,T,N,1,1,4.3366808172561736e-07
72,402,I,S,1,1,4.3366808172561736e-07
73,403,R,P,1,1,4.3366808172561736e-07
80,410,I,T,1,1,4.3366808172561736e-07
87,417,K,S,1,1,4.3366808172561736e-07
87,417,K,A,1,1,4.3366808172561736e-07
120,450,N,I,1,1,4.3366808172561736e-07
163,493,Q,T,1,1,4.3366808172561736e-07
86,416,G,E,1,1,4.3366808172561736e-07
121,451,Y,C,1,1,4.3366808172561736e-07
84,414,Q,P,1,1,4.3366808172561736e-07
82,412,P,T,1,1,4.3366808172561736e-07
82,412,P,S,1,1,4.3366808172561736e-07
81,411,A,H,1,1,4.3366808172561736e-07
165,495,Y,M,1,1,4.3366808172561736e-07
81,411,A,D,1,1,4.3366808172561736e-07
166,496,G,A,1,1,4.3366808172561736e-07
80,410,I,N,1,1,4.3366808172561736e-07
73,403,R,T,1,1,4.3366808172561736e-07
80,410,I,M,1,1,4.3366808172561736e-07
79,409,Q,R,1,1,4.3366808172561736e-07
79,409,Q,K,1,1,4.3366808172561736e-07
167,497,F,S,1,1,4.3366808172561736e-07
122,452,L,F,1,1,4.3366808172561736e-07
77,407,V,F,1,1,4.3366808172561736e-07
168,498,Q,P,1,1,4.3366808172561736e-07
76,406,E,V,1,1,4.3366808172561736e-07
169,499,P,A,1,1,4.3366808172561736e-07
76,406,E,K,1,1,4.3366808172561736e-07
74,404,G,R,1,1,4.3366808172561736e-07
74,404,G,H,1,1,4.3366808172561736e-07
123,453,Y,C,1,1,4.3366808172561736e-07
139,469,S,Q,1,1,4.3366808172561736e-07
