serum,depleted,ratio_beads,amount_RBD_protein,ligand,date,dilution_factor,OD450,dilution,depleted_date
K006,mock,2to1,100ug,"Acro B.1.351
RBD",210512,100,0.028100006,0.01,mock_210512
K007,mock,2to1,100ug,"Acro B.1.351
RBD",210512,100,3.254299998,0.01,mock_210512
K031,mock,2to1,100ug,"Acro B.1.351
RBD",210512,100,3.450000085,0.01,mock_210512
K033,mock,2to1,100ug,"Acro B.1.351
RBD",210512,100,3.523200005,0.01,mock_210512
K040,mock,2to1,100ug,"Acro B.1.351
RBD",210512,100,3.648399949,0.01,mock_210512
K041,mock,2to1,100ug,"Acro B.1.351
RBD",210512,100,3.383299895,0.01,mock_210512
K046,mock,2to1,100ug,"Acro B.1.351
RBD",210512,100,3.470699914,0.01,mock_210512
K114,mock,2to1,100ug,"Acro B.1.351
RBD",210512,100,3.264799997,0.01,mock_210512
K006,2x 2:1 depleted,2to1,100ug,"Acro B.1.351
RBD",210512,100,0.038800001,0.01,2x 2:1 depleted_210512
K007,2x 2:1 depleted,2to1,100ug,"Acro B.1.351
RBD",210512,100,0.582799993,0.01,2x 2:1 depleted_210512
K031,2x 2:1 depleted,2to1,100ug,"Acro B.1.351
RBD",210512,100,1.095600054,0.01,2x 2:1 depleted_210512
K033,2x 2:1 depleted,2to1,100ug,"Acro B.1.351
RBD",210512,100,2.069899917,0.01,2x 2:1 depleted_210512
K040,2x 2:1 depleted,2to1,100ug,"Acro B.1.351
RBD",210512,100,2.280899972,0.01,2x 2:1 depleted_210512
K041,2x 2:1 depleted,2to1,100ug,"Acro B.1.351
RBD",210512,100,1.878899999,0.01,2x 2:1 depleted_210512
K046,2x 2:1 depleted,2to1,100ug,"Acro B.1.351
RBD",210512,100,1.121899992,0.01,2x 2:1 depleted_210512
K114,2x 2:1 depleted,2to1,100ug,"Acro B.1.351
RBD",210512,100,1.082999982,0.01,2x 2:1 depleted_210512
K115,mock,2to1,100ug,"Acro B.1.351
RBD",210512,100,2.70639991,0.01,mock_210512
K116,mock,2to1,100ug,"Acro B.1.351
RBD",210512,100,0.806699976,0.01,mock_210512
K119,mock,2to1,100ug,"Acro B.1.351
RBD",210512,100,3.494699925,0.01,mock_210512
REGN10987,mock,2to1,100ug,"Acro B.1.351
RBD",210512,100,,0.01,mock_210512
K115,2x 2:1 depleted,2to1,100ug,"Acro B.1.351
RBD",210512,100,0.081299998,0.01,2x 2:1 depleted_210512
K116,2x 2:1 depleted,2to1,100ug,"Acro B.1.351
RBD",210512,100,0.054800004,0.01,2x 2:1 depleted_210512
K119,2x 2:1 depleted,2to1,100ug,"Acro B.1.351
RBD",210512,100,0.975600004,0.01,2x 2:1 depleted_210512
REGN10987,2x 2:1 depleted,2to1,100ug,"Acro B.1.351
RBD",210512,100,,0.01,2x 2:1 depleted_210512
K006,mock,2to1,100ug,"IPD B.1.351
spike",210512,100,0.047600009,0.01,mock_210512
K007,mock,2to1,100ug,"IPD B.1.351
spike",210512,100,3.386700042,0.01,mock_210512
K031,mock,2to1,100ug,"IPD B.1.351
spike",210512,100,3.395699941,0.01,mock_210512
K033,mock,2to1,100ug,"IPD B.1.351
spike",210512,100,3.663700081,0.01,mock_210512
K040,mock,2to1,100ug,"IPD B.1.351
spike",210512,100,3.783700034,0.01,mock_210512
K041,mock,2to1,100ug,"IPD B.1.351
spike",210512,100,3.655399963,0.01,mock_210512
K046,mock,2to1,100ug,"IPD B.1.351
spike",210512,100,3.691100068,0.01,mock_210512
K114,mock,2to1,100ug,"IPD B.1.351
spike",210512,100,3.922399998,0.01,mock_210512
K006,2x 2:1 depleted,2to1,100ug,"IPD B.1.351
spike",210512,100,0.050700001,0.01,2x 2:1 depleted_210512
K007,2x 2:1 depleted,2to1,100ug,"IPD B.1.351
spike",210512,100,2.935599957,0.01,2x 2:1 depleted_210512
K031,2x 2:1 depleted,2to1,100ug,"IPD B.1.351
spike",210512,100,2.525100082,0.01,2x 2:1 depleted_210512
K033,2x 2:1 depleted,2to1,100ug,"IPD B.1.351
spike",210512,100,2.967699893,0.01,2x 2:1 depleted_210512
K040,2x 2:1 depleted,2to1,100ug,"IPD B.1.351
spike",210512,100,3.099400003,0.01,2x 2:1 depleted_210512
K041,2x 2:1 depleted,2to1,100ug,"IPD B.1.351
spike",210512,100,3.320899919,0.01,2x 2:1 depleted_210512
K046,2x 2:1 depleted,2to1,100ug,"IPD B.1.351
spike",210512,100,3.238699988,0.01,2x 2:1 depleted_210512
K114,2x 2:1 depleted,2to1,100ug,"IPD B.1.351
spike",210512,100,3.685399905,0.01,2x 2:1 depleted_210512
K115,mock,2to1,100ug,"IPD B.1.351
spike",210512,100,2.449800029,0.01,mock_210512
K116,mock,2to1,100ug,"IPD B.1.351
spike",210512,100,1.25190001,0.01,mock_210512
K119,mock,2to1,100ug,"IPD B.1.351
spike",210512,100,3.335399963,0.01,mock_210512
REGN10987,mock,2to1,100ug,"IPD B.1.351
spike",210512,100,,0.01,mock_210512
K115,2x 2:1 depleted,2to1,100ug,"IPD B.1.351
spike",210512,100,1.532499969,0.01,2x 2:1 depleted_210512
K116,2x 2:1 depleted,2to1,100ug,"IPD B.1.351
spike",210512,100,0.793700017,0.01,2x 2:1 depleted_210512
K119,2x 2:1 depleted,2to1,100ug,"IPD B.1.351
spike",210512,100,3.206100114,0.01,2x 2:1 depleted_210512
REGN10987,2x 2:1 depleted,2to1,100ug,"IPD B.1.351
spike",210512,100,,0.01,2x 2:1 depleted_210512
K006,mock,2to1,100ug,"Acro B.1.351
RBD",210512,300,-0.013700001,0.0033333333333333335,mock_210512
K007,mock,2to1,100ug,"Acro B.1.351
RBD",210512,300,2.800300002,0.0033333333333333335,mock_210512
K031,mock,2to1,100ug,"Acro B.1.351
RBD",210512,300,3.119900025,0.0033333333333333335,mock_210512
K033,mock,2to1,100ug,"Acro B.1.351
RBD",210512,300,3.256000012,0.0033333333333333335,mock_210512
K040,mock,2to1,100ug,"Acro B.1.351
RBD",210512,300,3.374800086,0.0033333333333333335,mock_210512
K041,mock,2to1,100ug,"Acro B.1.351
RBD",210512,300,3.098800011,0.0033333333333333335,mock_210512
K046,mock,2to1,100ug,"Acro B.1.351
RBD",210512,300,3.049100049,0.0033333333333333335,mock_210512
K114,mock,2to1,100ug,"Acro B.1.351
RBD",210512,300,2.949000046,0.0033333333333333335,mock_210512
K006,2x 2:1 depleted,2to1,100ug,"Acro B.1.351
RBD",210512,300,0.003899999,0.0033333333333333335,2x 2:1 depleted_210512
K007,2x 2:1 depleted,2to1,100ug,"Acro B.1.351
RBD",210512,300,0.232500009,0.0033333333333333335,2x 2:1 depleted_210512
K031,2x 2:1 depleted,2to1,100ug,"Acro B.1.351
RBD",210512,300,0.64670001,0.0033333333333333335,2x 2:1 depleted_210512
K033,2x 2:1 depleted,2to1,100ug,"Acro B.1.351
RBD",210512,300,1.289499998,0.0033333333333333335,2x 2:1 depleted_210512
K040,2x 2:1 depleted,2to1,100ug,"Acro B.1.351
RBD",210512,300,1.736499995,0.0033333333333333335,2x 2:1 depleted_210512
K041,2x 2:1 depleted,2to1,100ug,"Acro B.1.351
RBD",210512,300,0.887799986,0.0033333333333333335,2x 2:1 depleted_210512
K046,2x 2:1 depleted,2to1,100ug,"Acro B.1.351
RBD",210512,300,0.470800012,0.0033333333333333335,2x 2:1 depleted_210512
K114,2x 2:1 depleted,2to1,100ug,"Acro B.1.351
RBD",210512,300,0.519399978,0.0033333333333333335,2x 2:1 depleted_210512
K115,mock,2to1,100ug,"Acro B.1.351
RBD",210512,300,1.653499953,0.0033333333333333335,mock_210512
K116,mock,2to1,100ug,"Acro B.1.351
RBD",210512,300,0.286600009,0.0033333333333333335,mock_210512
K119,mock,2to1,100ug,"Acro B.1.351
RBD",210512,300,3.049799889,0.0033333333333333335,mock_210512
REGN10987,mock,2to1,100ug,"Acro B.1.351
RBD",210512,300,,0.0033333333333333335,mock_210512
K115,2x 2:1 depleted,2to1,100ug,"Acro B.1.351
RBD",210512,300,0.023800001,0.0033333333333333335,2x 2:1 depleted_210512
K116,2x 2:1 depleted,2to1,100ug,"Acro B.1.351
RBD",210512,300,0.0123,0.0033333333333333335,2x 2:1 depleted_210512
K119,2x 2:1 depleted,2to1,100ug,"Acro B.1.351
RBD",210512,300,0.478500009,0.0033333333333333335,2x 2:1 depleted_210512
REGN10987,2x 2:1 depleted,2to1,100ug,"Acro B.1.351
RBD",210512,300,,0.0033333333333333335,2x 2:1 depleted_210512
K006,mock,2to1,100ug,"IPD B.1.351
spike",210512,300,-0.000100002,0.0033333333333333335,mock_210512
K007,mock,2to1,100ug,"IPD B.1.351
spike",210512,300,2.948900111,0.0033333333333333335,mock_210512
K031,mock,2to1,100ug,"IPD B.1.351
spike",210512,300,3.069299899,0.0033333333333333335,mock_210512
K033,mock,2to1,100ug,"IPD B.1.351
spike",210512,300,3.332499959,0.0033333333333333335,mock_210512
K040,mock,2to1,100ug,"IPD B.1.351
spike",210512,300,3.448200032,0.0033333333333333335,mock_210512
K041,mock,2to1,100ug,"IPD B.1.351
spike",210512,300,3.421499893,0.0033333333333333335,mock_210512
K046,mock,2to1,100ug,"IPD B.1.351
spike",210512,300,3.193999954,0.0033333333333333335,mock_210512
K114,mock,2to1,100ug,"IPD B.1.351
spike",210512,300,3.601900101,0.0033333333333333335,mock_210512
K006,2x 2:1 depleted,2to1,100ug,"IPD B.1.351
spike",210512,300,0.012999997,0.0033333333333333335,2x 2:1 depleted_210512
K007,2x 2:1 depleted,2to1,100ug,"IPD B.1.351
spike",210512,300,2.276499901,0.0033333333333333335,2x 2:1 depleted_210512
K031,2x 2:1 depleted,2to1,100ug,"IPD B.1.351
spike",210512,300,2.216499895,0.0033333333333333335,2x 2:1 depleted_210512
K033,2x 2:1 depleted,2to1,100ug,"IPD B.1.351
spike",210512,300,2.514099963,0.0033333333333333335,2x 2:1 depleted_210512
K040,2x 2:1 depleted,2to1,100ug,"IPD B.1.351
spike",210512,300,2.928800065,0.0033333333333333335,2x 2:1 depleted_210512
K041,2x 2:1 depleted,2to1,100ug,"IPD B.1.351
spike",210512,300,2.934800103,0.0033333333333333335,2x 2:1 depleted_210512
K046,2x 2:1 depleted,2to1,100ug,"IPD B.1.351
spike",210512,300,2.362999991,0.0033333333333333335,2x 2:1 depleted_210512
K114,2x 2:1 depleted,2to1,100ug,"IPD B.1.351
spike",210512,300,3.185599938,0.0033333333333333335,2x 2:1 depleted_210512
K115,mock,2to1,100ug,"IPD B.1.351
spike",210512,300,1.403599992,0.0033333333333333335,mock_210512
K116,mock,2to1,100ug,"IPD B.1.351
spike",210512,300,0.563199989,0.0033333333333333335,mock_210512
K119,mock,2to1,100ug,"IPD B.1.351
spike",210512,300,3.037799932,0.0033333333333333335,mock_210512
REGN10987,mock,2to1,100ug,"IPD B.1.351
spike",210512,300,,0.0033333333333333335,mock_210512
K115,2x 2:1 depleted,2to1,100ug,"IPD B.1.351
spike",210512,300,0.695100009,0.0033333333333333335,2x 2:1 depleted_210512
K116,2x 2:1 depleted,2to1,100ug,"IPD B.1.351
spike",210512,300,0.322200008,0.0033333333333333335,2x 2:1 depleted_210512
K119,2x 2:1 depleted,2to1,100ug,"IPD B.1.351
spike",210512,300,2.675200112,0.0033333333333333335,2x 2:1 depleted_210512
REGN10987,2x 2:1 depleted,2to1,100ug,"IPD B.1.351
spike",210512,300,,0.0033333333333333335,2x 2:1 depleted_210512
K006,mock,2to1,100ug,"Acro B.1.351
RBD",210512,900,-0.022,0.0011111111111111111,mock_210512
K007,mock,2to1,100ug,"Acro B.1.351
RBD",210512,900,2.16200006,0.0011111111111111111,mock_210512
K031,mock,2to1,100ug,"Acro B.1.351
RBD",210512,900,2.385599889,0.0011111111111111111,mock_210512
K033,mock,2to1,100ug,"Acro B.1.351
RBD",210512,900,3.00060007,0.0011111111111111111,mock_210512
K040,mock,2to1,100ug,"Acro B.1.351
RBD",210512,900,2.928300023,0.0011111111111111111,mock_210512
K041,mock,2to1,100ug,"Acro B.1.351
RBD",210512,900,2.599700041,0.0011111111111111111,mock_210512
K046,mock,2to1,100ug,"Acro B.1.351
RBD",210512,900,2.520899899,0.0011111111111111111,mock_210512
K114,mock,2to1,100ug,"Acro B.1.351
RBD",210512,900,1.875199959,0.0011111111111111111,mock_210512
K006,2x 2:1 depleted,2to1,100ug,"Acro B.1.351
RBD",210512,900,-0.002700001,0.0011111111111111111,2x 2:1 depleted_210512
K007,2x 2:1 depleted,2to1,100ug,"Acro B.1.351
RBD",210512,900,0.101200007,0.0011111111111111111,2x 2:1 depleted_210512
K031,2x 2:1 depleted,2to1,100ug,"Acro B.1.351
RBD",210512,900,0.202999994,0.0011111111111111111,2x 2:1 depleted_210512
K033,2x 2:1 depleted,2to1,100ug,"Acro B.1.351
RBD",210512,900,0.594500005,0.0011111111111111111,2x 2:1 depleted_210512
K040,2x 2:1 depleted,2to1,100ug,"Acro B.1.351
RBD",210512,900,0.841100007,0.0011111111111111111,2x 2:1 depleted_210512
K041,2x 2:1 depleted,2to1,100ug,"Acro B.1.351
RBD",210512,900,0.469100006,0.0011111111111111111,2x 2:1 depleted_210512
K046,2x 2:1 depleted,2to1,100ug,"Acro B.1.351
RBD",210512,900,0.222499996,0.0011111111111111111,2x 2:1 depleted_210512
K114,2x 2:1 depleted,2to1,100ug,"Acro B.1.351
RBD",210512,900,0.205300011,0.0011111111111111111,2x 2:1 depleted_210512
K115,mock,2to1,100ug,"Acro B.1.351
RBD",210512,900,0.740299992,0.0011111111111111111,mock_210512
K116,mock,2to1,100ug,"Acro B.1.351
RBD",210512,900,0.109999999,0.0011111111111111111,mock_210512
K119,mock,2to1,100ug,"Acro B.1.351
RBD",210512,900,2.204600066,0.0011111111111111111,mock_210512
REGN10987,mock,2to1,100ug,"Acro B.1.351
RBD",210512,900,,0.0011111111111111111,mock_210512
K115,2x 2:1 depleted,2to1,100ug,"Acro B.1.351
RBD",210512,900,0.001699999,0.0011111111111111111,2x 2:1 depleted_210512
K116,2x 2:1 depleted,2to1,100ug,"Acro B.1.351
RBD",210512,900,0.000399999,0.0011111111111111111,2x 2:1 depleted_210512
K119,2x 2:1 depleted,2to1,100ug,"Acro B.1.351
RBD",210512,900,0.238700002,0.0011111111111111111,2x 2:1 depleted_210512
REGN10987,2x 2:1 depleted,2to1,100ug,"Acro B.1.351
RBD",210512,900,,0.0011111111111111111,2x 2:1 depleted_210512
K006,mock,2to1,100ug,"IPD B.1.351
spike",210512,900,-0.015699998,0.0011111111111111111,mock_210512
K007,mock,2to1,100ug,"IPD B.1.351
spike",210512,900,2.4201001,0.0011111111111111111,mock_210512
K031,mock,2to1,100ug,"IPD B.1.351
spike",210512,900,2.25979992,0.0011111111111111111,mock_210512
K033,mock,2to1,100ug,"IPD B.1.351
spike",210512,900,2.794399954,0.0011111111111111111,mock_210512
K040,mock,2to1,100ug,"IPD B.1.351
spike",210512,900,2.908299968,0.0011111111111111111,mock_210512
K041,mock,2to1,100ug,"IPD B.1.351
spike",210512,900,2.751799986,0.0011111111111111111,mock_210512
K046,mock,2to1,100ug,"IPD B.1.351
spike",210512,900,2.445899911,0.0011111111111111111,mock_210512
K114,mock,2to1,100ug,"IPD B.1.351
spike",210512,900,2.833600044,0.0011111111111111111,mock_210512
K006,2x 2:1 depleted,2to1,100ug,"IPD B.1.351
spike",210512,900,-0.000600003,0.0011111111111111111,2x 2:1 depleted_210512
K007,2x 2:1 depleted,2to1,100ug,"IPD B.1.351
spike",210512,900,1.547400031,0.0011111111111111111,2x 2:1 depleted_210512
K031,2x 2:1 depleted,2to1,100ug,"IPD B.1.351
spike",210512,900,1.193000048,0.0011111111111111111,2x 2:1 depleted_210512
K033,2x 2:1 depleted,2to1,100ug,"IPD B.1.351
spike",210512,900,1.850100048,0.0011111111111111111,2x 2:1 depleted_210512
K040,2x 2:1 depleted,2to1,100ug,"IPD B.1.351
spike",210512,900,1.919599969,0.0011111111111111111,2x 2:1 depleted_210512
K041,2x 2:1 depleted,2to1,100ug,"IPD B.1.351
spike",210512,900,2.134999946,0.0011111111111111111,2x 2:1 depleted_210512
K046,2x 2:1 depleted,2to1,100ug,"IPD B.1.351
spike",210512,900,1.658199981,0.0011111111111111111,2x 2:1 depleted_210512
K114,2x 2:1 depleted,2to1,100ug,"IPD B.1.351
spike",210512,900,2.577999964,0.0011111111111111111,2x 2:1 depleted_210512
K115,mock,2to1,100ug,"IPD B.1.351
spike",210512,900,0.615099981,0.0011111111111111111,mock_210512
K116,mock,2to1,100ug,"IPD B.1.351
spike",210512,900,0.214700006,0.0011111111111111111,mock_210512
K119,mock,2to1,100ug,"IPD B.1.351
spike",210512,900,2.12340007,0.0011111111111111111,mock_210512
REGN10987,mock,2to1,100ug,"IPD B.1.351
spike",210512,900,,0.0011111111111111111,mock_210512
K115,2x 2:1 depleted,2to1,100ug,"IPD B.1.351
spike",210512,900,0.261700004,0.0011111111111111111,2x 2:1 depleted_210512
K116,2x 2:1 depleted,2to1,100ug,"IPD B.1.351
spike",210512,900,0.125600003,0.0011111111111111111,2x 2:1 depleted_210512
K119,2x 2:1 depleted,2to1,100ug,"IPD B.1.351
spike",210512,900,1.721300013,0.0011111111111111111,2x 2:1 depleted_210512
REGN10987,2x 2:1 depleted,2to1,100ug,"IPD B.1.351
spike",210512,900,,0.0011111111111111111,2x 2:1 depleted_210512
K006,mock,2to1,100ug,"Acro B.1.351
RBD",210512,2700,-0.0273,0.00037037037037037035,mock_210512
K007,mock,2to1,100ug,"Acro B.1.351
RBD",210512,2700,1.215000033,0.00037037037037037035,mock_210512
K031,mock,2to1,100ug,"Acro B.1.351
RBD",210512,2700,1.579999961,0.00037037037037037035,mock_210512
K033,mock,2to1,100ug,"Acro B.1.351
RBD",210512,2700,2.363699883,0.00037037037037037035,mock_210512
K040,mock,2to1,100ug,"Acro B.1.351
RBD",210512,2700,2.289399981,0.00037037037037037035,mock_210512
K041,mock,2to1,100ug,"Acro B.1.351
RBD",210512,2700,1.824600048,0.00037037037037037035,mock_210512
K046,mock,2to1,100ug,"Acro B.1.351
RBD",210512,2700,1.304000027,0.00037037037037037035,mock_210512
K114,mock,2to1,100ug,"Acro B.1.351
RBD",210512,2700,0.895000026,0.00037037037037037035,mock_210512
K006,2x 2:1 depleted,2to1,100ug,"Acro B.1.351
RBD",210512,2700,-0.000700004,0.00037037037037037035,2x 2:1 depleted_210512
K007,2x 2:1 depleted,2to1,100ug,"Acro B.1.351
RBD",210512,2700,0.039999999,0.00037037037037037035,2x 2:1 depleted_210512
K031,2x 2:1 depleted,2to1,100ug,"Acro B.1.351
RBD",210512,2700,0.070099995,0.00037037037037037035,2x 2:1 depleted_210512
K033,2x 2:1 depleted,2to1,100ug,"Acro B.1.351
RBD",210512,2700,0.224799991,0.00037037037037037035,2x 2:1 depleted_210512
K040,2x 2:1 depleted,2to1,100ug,"Acro B.1.351
RBD",210512,2700,0.346100003,0.00037037037037037035,2x 2:1 depleted_210512
K041,2x 2:1 depleted,2to1,100ug,"Acro B.1.351
RBD",210512,2700,0.145499997,0.00037037037037037035,2x 2:1 depleted_210512
K046,2x 2:1 depleted,2to1,100ug,"Acro B.1.351
RBD",210512,2700,0.070299998,0.00037037037037037035,2x 2:1 depleted_210512
K114,2x 2:1 depleted,2to1,100ug,"Acro B.1.351
RBD",210512,2700,0.058800004,0.00037037037037037035,2x 2:1 depleted_210512
K115,mock,2to1,100ug,"Acro B.1.351
RBD",210512,2700,0.266600005,0.00037037037037037035,mock_210512
K116,mock,2to1,100ug,"Acro B.1.351
RBD",210512,2700,0.036899999,0.00037037037037037035,mock_210512
K119,mock,2to1,100ug,"Acro B.1.351
RBD",210512,2700,1.457800001,0.00037037037037037035,mock_210512
REGN10987,mock,2to1,100ug,"Acro B.1.351
RBD",210512,2700,,0.00037037037037037035,mock_210512
K115,2x 2:1 depleted,2to1,100ug,"Acro B.1.351
RBD",210512,2700,-0.006299995,0.00037037037037037035,2x 2:1 depleted_210512
K116,2x 2:1 depleted,2to1,100ug,"Acro B.1.351
RBD",210512,2700,-0.0101,0.00037037037037037035,2x 2:1 depleted_210512
K119,2x 2:1 depleted,2to1,100ug,"Acro B.1.351
RBD",210512,2700,0.053900003,0.00037037037037037035,2x 2:1 depleted_210512
REGN10987,2x 2:1 depleted,2to1,100ug,"Acro B.1.351
RBD",210512,2700,,0.00037037037037037035,2x 2:1 depleted_210512
K006,mock,2to1,100ug,"IPD B.1.351
spike",210512,2700,-0.0207,0.00037037037037037035,mock_210512
K007,mock,2to1,100ug,"IPD B.1.351
spike",210512,2700,1.548599966,0.00037037037037037035,mock_210512
K031,mock,2to1,100ug,"IPD B.1.351
spike",210512,2700,1.483200036,0.00037037037037037035,mock_210512
K033,mock,2to1,100ug,"IPD B.1.351
spike",210512,2700,2.163700081,0.00037037037037037035,mock_210512
K040,mock,2to1,100ug,"IPD B.1.351
spike",210512,2700,2.101500079,0.00037037037037037035,mock_210512
K041,mock,2to1,100ug,"IPD B.1.351
spike",210512,2700,1.965599939,0.00037037037037037035,mock_210512
K046,mock,2to1,100ug,"IPD B.1.351
spike",210512,2700,1.396799989,0.00037037037037037035,mock_210512
K114,mock,2to1,100ug,"IPD B.1.351
spike",210512,2700,1.765100002,0.00037037037037037035,mock_210512
K006,2x 2:1 depleted,2to1,100ug,"IPD B.1.351
spike",210512,2700,-0.0031,0.00037037037037037035,2x 2:1 depleted_210512
K007,2x 2:1 depleted,2to1,100ug,"IPD B.1.351
spike",210512,2700,0.814100001,0.00037037037037037035,2x 2:1 depleted_210512
K031,2x 2:1 depleted,2to1,100ug,"IPD B.1.351
spike",210512,2700,0.576599985,0.00037037037037037035,2x 2:1 depleted_210512
K033,2x 2:1 depleted,2to1,100ug,"IPD B.1.351
spike",210512,2700,1.107399948,0.00037037037037037035,2x 2:1 depleted_210512
K040,2x 2:1 depleted,2to1,100ug,"IPD B.1.351
spike",210512,2700,1.116200048,0.00037037037037037035,2x 2:1 depleted_210512
K041,2x 2:1 depleted,2to1,100ug,"IPD B.1.351
spike",210512,2700,1.107600048,0.00037037037037037035,2x 2:1 depleted_210512
K046,2x 2:1 depleted,2to1,100ug,"IPD B.1.351
spike",210512,2700,0.857100025,0.00037037037037037035,2x 2:1 depleted_210512
K114,2x 2:1 depleted,2to1,100ug,"IPD B.1.351
spike",210512,2700,1.608400002,0.00037037037037037035,2x 2:1 depleted_210512
K115,mock,2to1,100ug,"IPD B.1.351
spike",210512,2700,0.232000008,0.00037037037037037035,mock_210512
K116,mock,2to1,100ug,"IPD B.1.351
spike",210512,2700,0.084400006,0.00037037037037037035,mock_210512
K119,mock,2to1,100ug,"IPD B.1.351
spike",210512,2700,1.361999966,0.00037037037037037035,mock_210512
REGN10987,mock,2to1,100ug,"IPD B.1.351
spike",210512,2700,,0.00037037037037037035,mock_210512
K115,2x 2:1 depleted,2to1,100ug,"IPD B.1.351
spike",210512,2700,0.076700002,0.00037037037037037035,2x 2:1 depleted_210512
K116,2x 2:1 depleted,2to1,100ug,"IPD B.1.351
spike",210512,2700,0.027300008,0.00037037037037037035,2x 2:1 depleted_210512
K119,2x 2:1 depleted,2to1,100ug,"IPD B.1.351
spike",210512,2700,0.798699982,0.00037037037037037035,2x 2:1 depleted_210512
REGN10987,2x 2:1 depleted,2to1,100ug,"IPD B.1.351
spike",210512,2700,,0.00037037037037037035,2x 2:1 depleted_210512
K006,mock,2to1,100ug,"Acro B.1.351
RBD",210512,8100,-0.029100001,0.0001234567901234568,mock_210512
K007,mock,2to1,100ug,"Acro B.1.351
RBD",210512,8100,0.487399995,0.0001234567901234568,mock_210512
K031,mock,2to1,100ug,"Acro B.1.351
RBD",210512,8100,0.641400017,0.0001234567901234568,mock_210512
K033,mock,2to1,100ug,"Acro B.1.351
RBD",210512,8100,1.344500035,0.0001234567901234568,mock_210512
K040,mock,2to1,100ug,"Acro B.1.351
RBD",210512,8100,1.282400012,0.0001234567901234568,mock_210512
K041,mock,2to1,100ug,"Acro B.1.351
RBD",210512,8100,0.750800021,0.0001234567901234568,mock_210512
K046,mock,2to1,100ug,"Acro B.1.351
RBD",210512,8100,0.529500015,0.0001234567901234568,mock_210512
K114,mock,2to1,100ug,"Acro B.1.351
RBD",210512,8100,0.323699996,0.0001234567901234568,mock_210512
K006,2x 2:1 depleted,2to1,100ug,"Acro B.1.351
RBD",210512,8100,0.052599996,0.0001234567901234568,2x 2:1 depleted_210512
K007,2x 2:1 depleted,2to1,100ug,"Acro B.1.351
RBD",210512,8100,0.033399999,0.0001234567901234568,2x 2:1 depleted_210512
K031,2x 2:1 depleted,2to1,100ug,"Acro B.1.351
RBD",210512,8100,0.033999994,0.0001234567901234568,2x 2:1 depleted_210512
K033,2x 2:1 depleted,2to1,100ug,"Acro B.1.351
RBD",210512,8100,0.090300009,0.0001234567901234568,2x 2:1 depleted_210512
K040,2x 2:1 depleted,2to1,100ug,"Acro B.1.351
RBD",210512,8100,0.121199995,0.0001234567901234568,2x 2:1 depleted_210512
K041,2x 2:1 depleted,2to1,100ug,"Acro B.1.351
RBD",210512,8100,0.060999997,0.0001234567901234568,2x 2:1 depleted_210512
K046,2x 2:1 depleted,2to1,100ug,"Acro B.1.351
RBD",210512,8100,0.0348,0.0001234567901234568,2x 2:1 depleted_210512
K114,2x 2:1 depleted,2to1,100ug,"Acro B.1.351
RBD",210512,8100,0.018199995,0.0001234567901234568,2x 2:1 depleted_210512
K115,mock,2to1,100ug,"Acro B.1.351
RBD",210512,8100,0.0999,0.0001234567901234568,mock_210512
K116,mock,2to1,100ug,"Acro B.1.351
RBD",210512,8100,0.001199998,0.0001234567901234568,mock_210512
K119,mock,2to1,100ug,"Acro B.1.351
RBD",210512,8100,0.586100012,0.0001234567901234568,mock_210512
REGN10987,mock,2to1,100ug,"Acro B.1.351
RBD",210512,8100,,0.0001234567901234568,mock_210512
K115,2x 2:1 depleted,2to1,100ug,"Acro B.1.351
RBD",210512,8100,-0.006899998,0.0001234567901234568,2x 2:1 depleted_210512
K116,2x 2:1 depleted,2to1,100ug,"Acro B.1.351
RBD",210512,8100,-0.019199997,0.0001234567901234568,2x 2:1 depleted_210512
K119,2x 2:1 depleted,2to1,100ug,"Acro B.1.351
RBD",210512,8100,0.007799998,0.0001234567901234568,2x 2:1 depleted_210512
REGN10987,2x 2:1 depleted,2to1,100ug,"Acro B.1.351
RBD",210512,8100,,0.0001234567901234568,2x 2:1 depleted_210512
K006,mock,2to1,100ug,"IPD B.1.351
spike",210512,8100,-0.021499999,0.0001234567901234568,mock_210512
K007,mock,2to1,100ug,"IPD B.1.351
spike",210512,8100,0.687399991,0.0001234567901234568,mock_210512
K031,mock,2to1,100ug,"IPD B.1.351
spike",210512,8100,0.602799974,0.0001234567901234568,mock_210512
K033,mock,2to1,100ug,"IPD B.1.351
spike",210512,8100,1.138800003,0.0001234567901234568,mock_210512
K040,mock,2to1,100ug,"IPD B.1.351
spike",210512,8100,1.162799999,0.0001234567901234568,mock_210512
K041,mock,2to1,100ug,"IPD B.1.351
spike",210512,8100,0.898600027,0.0001234567901234568,mock_210512
K046,mock,2to1,100ug,"IPD B.1.351
spike",210512,8100,0.611999996,0.0001234567901234568,mock_210512
K114,mock,2to1,100ug,"IPD B.1.351
spike",210512,8100,0.815400004,0.0001234567901234568,mock_210512
K006,2x 2:1 depleted,2to1,100ug,"IPD B.1.351
spike",210512,8100,0.005000003,0.0001234567901234568,2x 2:1 depleted_210512
K007,2x 2:1 depleted,2to1,100ug,"IPD B.1.351
spike",210512,8100,0.359200004,0.0001234567901234568,2x 2:1 depleted_210512
K031,2x 2:1 depleted,2to1,100ug,"IPD B.1.351
spike",210512,8100,0.245900005,0.0001234567901234568,2x 2:1 depleted_210512
K033,2x 2:1 depleted,2to1,100ug,"IPD B.1.351
spike",210512,8100,0.608999975,0.0001234567901234568,2x 2:1 depleted_210512
K040,2x 2:1 depleted,2to1,100ug,"IPD B.1.351
spike",210512,8100,0.480799992,0.0001234567901234568,2x 2:1 depleted_210512
K041,2x 2:1 depleted,2to1,100ug,"IPD B.1.351
spike",210512,8100,0.474500015,0.0001234567901234568,2x 2:1 depleted_210512
K046,2x 2:1 depleted,2to1,100ug,"IPD B.1.351
spike",210512,8100,0.365899995,0.0001234567901234568,2x 2:1 depleted_210512
K114,2x 2:1 depleted,2to1,100ug,"IPD B.1.351
spike",210512,8100,0.640000001,0.0001234567901234568,2x 2:1 depleted_210512
K115,mock,2to1,100ug,"IPD B.1.351
spike",210512,8100,0.090499997,0.0001234567901234568,mock_210512
K116,mock,2to1,100ug,"IPD B.1.351
spike",210512,8100,0.022500001,0.0001234567901234568,mock_210512
K119,mock,2to1,100ug,"IPD B.1.351
spike",210512,8100,0.581100024,0.0001234567901234568,mock_210512
REGN10987,mock,2to1,100ug,"IPD B.1.351
spike",210512,8100,,0.0001234567901234568,mock_210512
K115,2x 2:1 depleted,2to1,100ug,"IPD B.1.351
spike",210512,8100,0.008299999,0.0001234567901234568,2x 2:1 depleted_210512
K116,2x 2:1 depleted,2to1,100ug,"IPD B.1.351
spike",210512,8100,-0.005099997,0.0001234567901234568,2x 2:1 depleted_210512
K119,2x 2:1 depleted,2to1,100ug,"IPD B.1.351
spike",210512,8100,0.305100001,0.0001234567901234568,2x 2:1 depleted_210512
REGN10987,2x 2:1 depleted,2to1,100ug,"IPD B.1.351
spike",210512,8100,,0.0001234567901234568,2x 2:1 depleted_210512
K006,mock,2to1,100ug,"Acro B.1.351
RBD",210512,200,,0.005,mock_210512
K007,mock,2to1,100ug,"Acro B.1.351
RBD",210512,200,,0.005,mock_210512
K031,mock,2to1,100ug,"Acro B.1.351
RBD",210512,200,,0.005,mock_210512
K033,mock,2to1,100ug,"Acro B.1.351
RBD",210512,200,,0.005,mock_210512
K040,mock,2to1,100ug,"Acro B.1.351
RBD",210512,200,,0.005,mock_210512
K041,mock,2to1,100ug,"Acro B.1.351
RBD",210512,200,,0.005,mock_210512
K046,mock,2to1,100ug,"Acro B.1.351
RBD",210512,200,,0.005,mock_210512
K114,mock,2to1,100ug,"Acro B.1.351
RBD",210512,200,,0.005,mock_210512
K006,2x 2:1 depleted,2to1,100ug,"Acro B.1.351
RBD",210512,200,,0.005,2x 2:1 depleted_210512
K007,2x 2:1 depleted,2to1,100ug,"Acro B.1.351
RBD",210512,200,,0.005,2x 2:1 depleted_210512
K031,2x 2:1 depleted,2to1,100ug,"Acro B.1.351
RBD",210512,200,,0.005,2x 2:1 depleted_210512
K033,2x 2:1 depleted,2to1,100ug,"Acro B.1.351
RBD",210512,200,,0.005,2x 2:1 depleted_210512
K040,2x 2:1 depleted,2to1,100ug,"Acro B.1.351
RBD",210512,200,,0.005,2x 2:1 depleted_210512
K041,2x 2:1 depleted,2to1,100ug,"Acro B.1.351
RBD",210512,200,,0.005,2x 2:1 depleted_210512
K046,2x 2:1 depleted,2to1,100ug,"Acro B.1.351
RBD",210512,200,,0.005,2x 2:1 depleted_210512
K114,2x 2:1 depleted,2to1,100ug,"Acro B.1.351
RBD",210512,200,,0.005,2x 2:1 depleted_210512
K115,mock,2to1,100ug,"Acro B.1.351
RBD",210512,200,,0.005,mock_210512
K116,mock,2to1,100ug,"Acro B.1.351
RBD",210512,200,,0.005,mock_210512
K119,mock,2to1,100ug,"Acro B.1.351
RBD",210512,200,,0.005,mock_210512
REGN10987,mock,2to1,100ug,"Acro B.1.351
RBD",210512,200,3.184699975,0.005,mock_210512
K115,2x 2:1 depleted,2to1,100ug,"Acro B.1.351
RBD",210512,200,,0.005,2x 2:1 depleted_210512
K116,2x 2:1 depleted,2to1,100ug,"Acro B.1.351
RBD",210512,200,,0.005,2x 2:1 depleted_210512
K119,2x 2:1 depleted,2to1,100ug,"Acro B.1.351
RBD",210512,200,,0.005,2x 2:1 depleted_210512
REGN10987,2x 2:1 depleted,2to1,100ug,"Acro B.1.351
RBD",210512,200,0.081600003,0.005,2x 2:1 depleted_210512
K006,mock,2to1,100ug,"IPD B.1.351
spike",210512,200,,0.005,mock_210512
K007,mock,2to1,100ug,"IPD B.1.351
spike",210512,200,,0.005,mock_210512
K031,mock,2to1,100ug,"IPD B.1.351
spike",210512,200,,0.005,mock_210512
K033,mock,2to1,100ug,"IPD B.1.351
spike",210512,200,,0.005,mock_210512
K040,mock,2to1,100ug,"IPD B.1.351
spike",210512,200,,0.005,mock_210512
K041,mock,2to1,100ug,"IPD B.1.351
spike",210512,200,,0.005,mock_210512
K046,mock,2to1,100ug,"IPD B.1.351
spike",210512,200,,0.005,mock_210512
K114,mock,2to1,100ug,"IPD B.1.351
spike",210512,200,,0.005,mock_210512
K006,2x 2:1 depleted,2to1,100ug,"IPD B.1.351
spike",210512,200,,0.005,2x 2:1 depleted_210512
K007,2x 2:1 depleted,2to1,100ug,"IPD B.1.351
spike",210512,200,,0.005,2x 2:1 depleted_210512
K031,2x 2:1 depleted,2to1,100ug,"IPD B.1.351
spike",210512,200,,0.005,2x 2:1 depleted_210512
K033,2x 2:1 depleted,2to1,100ug,"IPD B.1.351
spike",210512,200,,0.005,2x 2:1 depleted_210512
K040,2x 2:1 depleted,2to1,100ug,"IPD B.1.351
spike",210512,200,,0.005,2x 2:1 depleted_210512
K041,2x 2:1 depleted,2to1,100ug,"IPD B.1.351
spike",210512,200,,0.005,2x 2:1 depleted_210512
K046,2x 2:1 depleted,2to1,100ug,"IPD B.1.351
spike",210512,200,,0.005,2x 2:1 depleted_210512
K114,2x 2:1 depleted,2to1,100ug,"IPD B.1.351
spike",210512,200,,0.005,2x 2:1 depleted_210512
K115,mock,2to1,100ug,"IPD B.1.351
spike",210512,200,,0.005,mock_210512
K116,mock,2to1,100ug,"IPD B.1.351
spike",210512,200,,0.005,mock_210512
K119,mock,2to1,100ug,"IPD B.1.351
spike",210512,200,,0.005,mock_210512
REGN10987,mock,2to1,100ug,"IPD B.1.351
spike",210512,200,2.862100065,0.005,mock_210512
K115,2x 2:1 depleted,2to1,100ug,"IPD B.1.351
spike",210512,200,,0.005,2x 2:1 depleted_210512
K116,2x 2:1 depleted,2to1,100ug,"IPD B.1.351
spike",210512,200,,0.005,2x 2:1 depleted_210512
K119,2x 2:1 depleted,2to1,100ug,"IPD B.1.351
spike",210512,200,,0.005,2x 2:1 depleted_210512
REGN10987,2x 2:1 depleted,2to1,100ug,"IPD B.1.351
spike",210512,200,0.108299993,0.005,2x 2:1 depleted_210512
K006,mock,2to1,100ug,"Acro B.1.351
RBD",210512,600,,0.0016666666666666668,mock_210512
K007,mock,2to1,100ug,"Acro B.1.351
RBD",210512,600,,0.0016666666666666668,mock_210512
K031,mock,2to1,100ug,"Acro B.1.351
RBD",210512,600,,0.0016666666666666668,mock_210512
K033,mock,2to1,100ug,"Acro B.1.351
RBD",210512,600,,0.0016666666666666668,mock_210512
K040,mock,2to1,100ug,"Acro B.1.351
RBD",210512,600,,0.0016666666666666668,mock_210512
K041,mock,2to1,100ug,"Acro B.1.351
RBD",210512,600,,0.0016666666666666668,mock_210512
K046,mock,2to1,100ug,"Acro B.1.351
RBD",210512,600,,0.0016666666666666668,mock_210512
K114,mock,2to1,100ug,"Acro B.1.351
RBD",210512,600,,0.0016666666666666668,mock_210512
K006,2x 2:1 depleted,2to1,100ug,"Acro B.1.351
RBD",210512,600,,0.0016666666666666668,2x 2:1 depleted_210512
K007,2x 2:1 depleted,2to1,100ug,"Acro B.1.351
RBD",210512,600,,0.0016666666666666668,2x 2:1 depleted_210512
K031,2x 2:1 depleted,2to1,100ug,"Acro B.1.351
RBD",210512,600,,0.0016666666666666668,2x 2:1 depleted_210512
K033,2x 2:1 depleted,2to1,100ug,"Acro B.1.351
RBD",210512,600,,0.0016666666666666668,2x 2:1 depleted_210512
K040,2x 2:1 depleted,2to1,100ug,"Acro B.1.351
RBD",210512,600,,0.0016666666666666668,2x 2:1 depleted_210512
K041,2x 2:1 depleted,2to1,100ug,"Acro B.1.351
RBD",210512,600,,0.0016666666666666668,2x 2:1 depleted_210512
K046,2x 2:1 depleted,2to1,100ug,"Acro B.1.351
RBD",210512,600,,0.0016666666666666668,2x 2:1 depleted_210512
K114,2x 2:1 depleted,2to1,100ug,"Acro B.1.351
RBD",210512,600,,0.0016666666666666668,2x 2:1 depleted_210512
K115,mock,2to1,100ug,"Acro B.1.351
RBD",210512,600,,0.0016666666666666668,mock_210512
K116,mock,2to1,100ug,"Acro B.1.351
RBD",210512,600,,0.0016666666666666668,mock_210512
K119,mock,2to1,100ug,"Acro B.1.351
RBD",210512,600,,0.0016666666666666668,mock_210512
REGN10987,mock,2to1,100ug,"Acro B.1.351
RBD",210512,600,2.997899972,0.0016666666666666668,mock_210512
K115,2x 2:1 depleted,2to1,100ug,"Acro B.1.351
RBD",210512,600,,0.0016666666666666668,2x 2:1 depleted_210512
K116,2x 2:1 depleted,2to1,100ug,"Acro B.1.351
RBD",210512,600,,0.0016666666666666668,2x 2:1 depleted_210512
K119,2x 2:1 depleted,2to1,100ug,"Acro B.1.351
RBD",210512,600,,0.0016666666666666668,2x 2:1 depleted_210512
REGN10987,2x 2:1 depleted,2to1,100ug,"Acro B.1.351
RBD",210512,600,0.026299998,0.0016666666666666668,2x 2:1 depleted_210512
K006,mock,2to1,100ug,"IPD B.1.351
spike",210512,600,,0.0016666666666666668,mock_210512
K007,mock,2to1,100ug,"IPD B.1.351
spike",210512,600,,0.0016666666666666668,mock_210512
K031,mock,2to1,100ug,"IPD B.1.351
spike",210512,600,,0.0016666666666666668,mock_210512
K033,mock,2to1,100ug,"IPD B.1.351
spike",210512,600,,0.0016666666666666668,mock_210512
K040,mock,2to1,100ug,"IPD B.1.351
spike",210512,600,,0.0016666666666666668,mock_210512
K041,mock,2to1,100ug,"IPD B.1.351
spike",210512,600,,0.0016666666666666668,mock_210512
K046,mock,2to1,100ug,"IPD B.1.351
spike",210512,600,,0.0016666666666666668,mock_210512
K114,mock,2to1,100ug,"IPD B.1.351
spike",210512,600,,0.0016666666666666668,mock_210512
K006,2x 2:1 depleted,2to1,100ug,"IPD B.1.351
spike",210512,600,,0.0016666666666666668,2x 2:1 depleted_210512
K007,2x 2:1 depleted,2to1,100ug,"IPD B.1.351
spike",210512,600,,0.0016666666666666668,2x 2:1 depleted_210512
K031,2x 2:1 depleted,2to1,100ug,"IPD B.1.351
spike",210512,600,,0.0016666666666666668,2x 2:1 depleted_210512
K033,2x 2:1 depleted,2to1,100ug,"IPD B.1.351
spike",210512,600,,0.0016666666666666668,2x 2:1 depleted_210512
K040,2x 2:1 depleted,2to1,100ug,"IPD B.1.351
spike",210512,600,,0.0016666666666666668,2x 2:1 depleted_210512
K041,2x 2:1 depleted,2to1,100ug,"IPD B.1.351
spike",210512,600,,0.0016666666666666668,2x 2:1 depleted_210512
K046,2x 2:1 depleted,2to1,100ug,"IPD B.1.351
spike",210512,600,,0.0016666666666666668,2x 2:1 depleted_210512
K114,2x 2:1 depleted,2to1,100ug,"IPD B.1.351
spike",210512,600,,0.0016666666666666668,2x 2:1 depleted_210512
K115,mock,2to1,100ug,"IPD B.1.351
spike",210512,600,,0.0016666666666666668,mock_210512
K116,mock,2to1,100ug,"IPD B.1.351
spike",210512,600,,0.0016666666666666668,mock_210512
K119,mock,2to1,100ug,"IPD B.1.351
spike",210512,600,,0.0016666666666666668,mock_210512
REGN10987,mock,2to1,100ug,"IPD B.1.351
spike",210512,600,2.819699943,0.0016666666666666668,mock_210512
K115,2x 2:1 depleted,2to1,100ug,"IPD B.1.351
spike",210512,600,,0.0016666666666666668,2x 2:1 depleted_210512
K116,2x 2:1 depleted,2to1,100ug,"IPD B.1.351
spike",210512,600,,0.0016666666666666668,2x 2:1 depleted_210512
K119,2x 2:1 depleted,2to1,100ug,"IPD B.1.351
spike",210512,600,,0.0016666666666666668,2x 2:1 depleted_210512
REGN10987,2x 2:1 depleted,2to1,100ug,"IPD B.1.351
spike",210512,600,0.044799991,0.0016666666666666668,2x 2:1 depleted_210512
K006,mock,2to1,100ug,"Acro B.1.351
RBD",210512,1800,,0.0005555555555555556,mock_210512
K007,mock,2to1,100ug,"Acro B.1.351
RBD",210512,1800,,0.0005555555555555556,mock_210512
K031,mock,2to1,100ug,"Acro B.1.351
RBD",210512,1800,,0.0005555555555555556,mock_210512
K033,mock,2to1,100ug,"Acro B.1.351
RBD",210512,1800,,0.0005555555555555556,mock_210512
K040,mock,2to1,100ug,"Acro B.1.351
RBD",210512,1800,,0.0005555555555555556,mock_210512
K041,mock,2to1,100ug,"Acro B.1.351
RBD",210512,1800,,0.0005555555555555556,mock_210512
K046,mock,2to1,100ug,"Acro B.1.351
RBD",210512,1800,,0.0005555555555555556,mock_210512
K114,mock,2to1,100ug,"Acro B.1.351
RBD",210512,1800,,0.0005555555555555556,mock_210512
K006,2x 2:1 depleted,2to1,100ug,"Acro B.1.351
RBD",210512,1800,,0.0005555555555555556,2x 2:1 depleted_210512
K007,2x 2:1 depleted,2to1,100ug,"Acro B.1.351
RBD",210512,1800,,0.0005555555555555556,2x 2:1 depleted_210512
K031,2x 2:1 depleted,2to1,100ug,"Acro B.1.351
RBD",210512,1800,,0.0005555555555555556,2x 2:1 depleted_210512
K033,2x 2:1 depleted,2to1,100ug,"Acro B.1.351
RBD",210512,1800,,0.0005555555555555556,2x 2:1 depleted_210512
K040,2x 2:1 depleted,2to1,100ug,"Acro B.1.351
RBD",210512,1800,,0.0005555555555555556,2x 2:1 depleted_210512
K041,2x 2:1 depleted,2to1,100ug,"Acro B.1.351
RBD",210512,1800,,0.0005555555555555556,2x 2:1 depleted_210512
K046,2x 2:1 depleted,2to1,100ug,"Acro B.1.351
RBD",210512,1800,,0.0005555555555555556,2x 2:1 depleted_210512
K114,2x 2:1 depleted,2to1,100ug,"Acro B.1.351
RBD",210512,1800,,0.0005555555555555556,2x 2:1 depleted_210512
K115,mock,2to1,100ug,"Acro B.1.351
RBD",210512,1800,,0.0005555555555555556,mock_210512
K116,mock,2to1,100ug,"Acro B.1.351
RBD",210512,1800,,0.0005555555555555556,mock_210512
K119,mock,2to1,100ug,"Acro B.1.351
RBD",210512,1800,,0.0005555555555555556,mock_210512
REGN10987,mock,2to1,100ug,"Acro B.1.351
RBD",210512,1800,2.587599955,0.0005555555555555556,mock_210512
K115,2x 2:1 depleted,2to1,100ug,"Acro B.1.351
RBD",210512,1800,,0.0005555555555555556,2x 2:1 depleted_210512
K116,2x 2:1 depleted,2to1,100ug,"Acro B.1.351
RBD",210512,1800,,0.0005555555555555556,2x 2:1 depleted_210512
K119,2x 2:1 depleted,2to1,100ug,"Acro B.1.351
RBD",210512,1800,,0.0005555555555555556,2x 2:1 depleted_210512
REGN10987,2x 2:1 depleted,2to1,100ug,"Acro B.1.351
RBD",210512,1800,0.003600001,0.0005555555555555556,2x 2:1 depleted_210512
K006,mock,2to1,100ug,"IPD B.1.351
spike",210512,1800,,0.0005555555555555556,mock_210512
K007,mock,2to1,100ug,"IPD B.1.351
spike",210512,1800,,0.0005555555555555556,mock_210512
K031,mock,2to1,100ug,"IPD B.1.351
spike",210512,1800,,0.0005555555555555556,mock_210512
K033,mock,2to1,100ug,"IPD B.1.351
spike",210512,1800,,0.0005555555555555556,mock_210512
K040,mock,2to1,100ug,"IPD B.1.351
spike",210512,1800,,0.0005555555555555556,mock_210512
K041,mock,2to1,100ug,"IPD B.1.351
spike",210512,1800,,0.0005555555555555556,mock_210512
K046,mock,2to1,100ug,"IPD B.1.351
spike",210512,1800,,0.0005555555555555556,mock_210512
K114,mock,2to1,100ug,"IPD B.1.351
spike",210512,1800,,0.0005555555555555556,mock_210512
K006,2x 2:1 depleted,2to1,100ug,"IPD B.1.351
spike",210512,1800,,0.0005555555555555556,2x 2:1 depleted_210512
K007,2x 2:1 depleted,2to1,100ug,"IPD B.1.351
spike",210512,1800,,0.0005555555555555556,2x 2:1 depleted_210512
K031,2x 2:1 depleted,2to1,100ug,"IPD B.1.351
spike",210512,1800,,0.0005555555555555556,2x 2:1 depleted_210512
K033,2x 2:1 depleted,2to1,100ug,"IPD B.1.351
spike",210512,1800,,0.0005555555555555556,2x 2:1 depleted_210512
K040,2x 2:1 depleted,2to1,100ug,"IPD B.1.351
spike",210512,1800,,0.0005555555555555556,2x 2:1 depleted_210512
K041,2x 2:1 depleted,2to1,100ug,"IPD B.1.351
spike",210512,1800,,0.0005555555555555556,2x 2:1 depleted_210512
K046,2x 2:1 depleted,2to1,100ug,"IPD B.1.351
spike",210512,1800,,0.0005555555555555556,2x 2:1 depleted_210512
K114,2x 2:1 depleted,2to1,100ug,"IPD B.1.351
spike",210512,1800,,0.0005555555555555556,2x 2:1 depleted_210512
K115,mock,2to1,100ug,"IPD B.1.351
spike",210512,1800,,0.0005555555555555556,mock_210512
K116,mock,2to1,100ug,"IPD B.1.351
spike",210512,1800,,0.0005555555555555556,mock_210512
K119,mock,2to1,100ug,"IPD B.1.351
spike",210512,1800,,0.0005555555555555556,mock_210512
REGN10987,mock,2to1,100ug,"IPD B.1.351
spike",210512,1800,2.455700099,0.0005555555555555556,mock_210512
K115,2x 2:1 depleted,2to1,100ug,"IPD B.1.351
spike",210512,1800,,0.0005555555555555556,2x 2:1 depleted_210512
K116,2x 2:1 depleted,2to1,100ug,"IPD B.1.351
spike",210512,1800,,0.0005555555555555556,2x 2:1 depleted_210512
K119,2x 2:1 depleted,2to1,100ug,"IPD B.1.351
spike",210512,1800,,0.0005555555555555556,2x 2:1 depleted_210512
REGN10987,2x 2:1 depleted,2to1,100ug,"IPD B.1.351
spike",210512,1800,0.015499994,0.0005555555555555556,2x 2:1 depleted_210512
K006,mock,2to1,100ug,"Acro B.1.351
RBD",210512,5400,,0.00018518518518518518,mock_210512
K007,mock,2to1,100ug,"Acro B.1.351
RBD",210512,5400,,0.00018518518518518518,mock_210512
K031,mock,2to1,100ug,"Acro B.1.351
RBD",210512,5400,,0.00018518518518518518,mock_210512
K033,mock,2to1,100ug,"Acro B.1.351
RBD",210512,5400,,0.00018518518518518518,mock_210512
K040,mock,2to1,100ug,"Acro B.1.351
RBD",210512,5400,,0.00018518518518518518,mock_210512
K041,mock,2to1,100ug,"Acro B.1.351
RBD",210512,5400,,0.00018518518518518518,mock_210512
K046,mock,2to1,100ug,"Acro B.1.351
RBD",210512,5400,,0.00018518518518518518,mock_210512
K114,mock,2to1,100ug,"Acro B.1.351
RBD",210512,5400,,0.00018518518518518518,mock_210512
K006,2x 2:1 depleted,2to1,100ug,"Acro B.1.351
RBD",210512,5400,,0.00018518518518518518,2x 2:1 depleted_210512
K007,2x 2:1 depleted,2to1,100ug,"Acro B.1.351
RBD",210512,5400,,0.00018518518518518518,2x 2:1 depleted_210512
K031,2x 2:1 depleted,2to1,100ug,"Acro B.1.351
RBD",210512,5400,,0.00018518518518518518,2x 2:1 depleted_210512
K033,2x 2:1 depleted,2to1,100ug,"Acro B.1.351
RBD",210512,5400,,0.00018518518518518518,2x 2:1 depleted_210512
K040,2x 2:1 depleted,2to1,100ug,"Acro B.1.351
RBD",210512,5400,,0.00018518518518518518,2x 2:1 depleted_210512
K041,2x 2:1 depleted,2to1,100ug,"Acro B.1.351
RBD",210512,5400,,0.00018518518518518518,2x 2:1 depleted_210512
K046,2x 2:1 depleted,2to1,100ug,"Acro B.1.351
RBD",210512,5400,,0.00018518518518518518,2x 2:1 depleted_210512
K114,2x 2:1 depleted,2to1,100ug,"Acro B.1.351
RBD",210512,5400,,0.00018518518518518518,2x 2:1 depleted_210512
K115,mock,2to1,100ug,"Acro B.1.351
RBD",210512,5400,,0.00018518518518518518,mock_210512
K116,mock,2to1,100ug,"Acro B.1.351
RBD",210512,5400,,0.00018518518518518518,mock_210512
K119,mock,2to1,100ug,"Acro B.1.351
RBD",210512,5400,,0.00018518518518518518,mock_210512
REGN10987,mock,2to1,100ug,"Acro B.1.351
RBD",210512,5400,1.747799955,0.00018518518518518518,mock_210512
K115,2x 2:1 depleted,2to1,100ug,"Acro B.1.351
RBD",210512,5400,,0.00018518518518518518,2x 2:1 depleted_210512
K116,2x 2:1 depleted,2to1,100ug,"Acro B.1.351
RBD",210512,5400,,0.00018518518518518518,2x 2:1 depleted_210512
K119,2x 2:1 depleted,2to1,100ug,"Acro B.1.351
RBD",210512,5400,,0.00018518518518518518,2x 2:1 depleted_210512
REGN10987,2x 2:1 depleted,2to1,100ug,"Acro B.1.351
RBD",210512,5400,-0.006900005,0.00018518518518518518,2x 2:1 depleted_210512
K006,mock,2to1,100ug,"IPD B.1.351
spike",210512,5400,,0.00018518518518518518,mock_210512
K007,mock,2to1,100ug,"IPD B.1.351
spike",210512,5400,,0.00018518518518518518,mock_210512
K031,mock,2to1,100ug,"IPD B.1.351
spike",210512,5400,,0.00018518518518518518,mock_210512
K033,mock,2to1,100ug,"IPD B.1.351
spike",210512,5400,,0.00018518518518518518,mock_210512
K040,mock,2to1,100ug,"IPD B.1.351
spike",210512,5400,,0.00018518518518518518,mock_210512
K041,mock,2to1,100ug,"IPD B.1.351
spike",210512,5400,,0.00018518518518518518,mock_210512
K046,mock,2to1,100ug,"IPD B.1.351
spike",210512,5400,,0.00018518518518518518,mock_210512
K114,mock,2to1,100ug,"IPD B.1.351
spike",210512,5400,,0.00018518518518518518,mock_210512
K006,2x 2:1 depleted,2to1,100ug,"IPD B.1.351
spike",210512,5400,,0.00018518518518518518,2x 2:1 depleted_210512
K007,2x 2:1 depleted,2to1,100ug,"IPD B.1.351
spike",210512,5400,,0.00018518518518518518,2x 2:1 depleted_210512
K031,2x 2:1 depleted,2to1,100ug,"IPD B.1.351
spike",210512,5400,,0.00018518518518518518,2x 2:1 depleted_210512
K033,2x 2:1 depleted,2to1,100ug,"IPD B.1.351
spike",210512,5400,,0.00018518518518518518,2x 2:1 depleted_210512
K040,2x 2:1 depleted,2to1,100ug,"IPD B.1.351
spike",210512,5400,,0.00018518518518518518,2x 2:1 depleted_210512
K041,2x 2:1 depleted,2to1,100ug,"IPD B.1.351
spike",210512,5400,,0.00018518518518518518,2x 2:1 depleted_210512
K046,2x 2:1 depleted,2to1,100ug,"IPD B.1.351
spike",210512,5400,,0.00018518518518518518,2x 2:1 depleted_210512
K114,2x 2:1 depleted,2to1,100ug,"IPD B.1.351
spike",210512,5400,,0.00018518518518518518,2x 2:1 depleted_210512
K115,mock,2to1,100ug,"IPD B.1.351
spike",210512,5400,,0.00018518518518518518,mock_210512
K116,mock,2to1,100ug,"IPD B.1.351
spike",210512,5400,,0.00018518518518518518,mock_210512
K119,mock,2to1,100ug,"IPD B.1.351
spike",210512,5400,,0.00018518518518518518,mock_210512
REGN10987,mock,2to1,100ug,"IPD B.1.351
spike",210512,5400,1.667699993,0.00018518518518518518,mock_210512
K115,2x 2:1 depleted,2to1,100ug,"IPD B.1.351
spike",210512,5400,,0.00018518518518518518,2x 2:1 depleted_210512
K116,2x 2:1 depleted,2to1,100ug,"IPD B.1.351
spike",210512,5400,,0.00018518518518518518,2x 2:1 depleted_210512
K119,2x 2:1 depleted,2to1,100ug,"IPD B.1.351
spike",210512,5400,,0.00018518518518518518,2x 2:1 depleted_210512
REGN10987,2x 2:1 depleted,2to1,100ug,"IPD B.1.351
spike",210512,5400,-0.000300005,0.00018518518518518518,2x 2:1 depleted_210512
K006,mock,2to1,100ug,"Acro B.1.351
RBD",210512,16200,,6.17283950617284e-05,mock_210512
K007,mock,2to1,100ug,"Acro B.1.351
RBD",210512,16200,,6.17283950617284e-05,mock_210512
K031,mock,2to1,100ug,"Acro B.1.351
RBD",210512,16200,,6.17283950617284e-05,mock_210512
K033,mock,2to1,100ug,"Acro B.1.351
RBD",210512,16200,,6.17283950617284e-05,mock_210512
K040,mock,2to1,100ug,"Acro B.1.351
RBD",210512,16200,,6.17283950617284e-05,mock_210512
K041,mock,2to1,100ug,"Acro B.1.351
RBD",210512,16200,,6.17283950617284e-05,mock_210512
K046,mock,2to1,100ug,"Acro B.1.351
RBD",210512,16200,,6.17283950617284e-05,mock_210512
K114,mock,2to1,100ug,"Acro B.1.351
RBD",210512,16200,,6.17283950617284e-05,mock_210512
K006,2x 2:1 depleted,2to1,100ug,"Acro B.1.351
RBD",210512,16200,,6.17283950617284e-05,2x 2:1 depleted_210512
K007,2x 2:1 depleted,2to1,100ug,"Acro B.1.351
RBD",210512,16200,,6.17283950617284e-05,2x 2:1 depleted_210512
K031,2x 2:1 depleted,2to1,100ug,"Acro B.1.351
RBD",210512,16200,,6.17283950617284e-05,2x 2:1 depleted_210512
K033,2x 2:1 depleted,2to1,100ug,"Acro B.1.351
RBD",210512,16200,,6.17283950617284e-05,2x 2:1 depleted_210512
K040,2x 2:1 depleted,2to1,100ug,"Acro B.1.351
RBD",210512,16200,,6.17283950617284e-05,2x 2:1 depleted_210512
K041,2x 2:1 depleted,2to1,100ug,"Acro B.1.351
RBD",210512,16200,,6.17283950617284e-05,2x 2:1 depleted_210512
K046,2x 2:1 depleted,2to1,100ug,"Acro B.1.351
RBD",210512,16200,,6.17283950617284e-05,2x 2:1 depleted_210512
K114,2x 2:1 depleted,2to1,100ug,"Acro B.1.351
RBD",210512,16200,,6.17283950617284e-05,2x 2:1 depleted_210512
K115,mock,2to1,100ug,"Acro B.1.351
RBD",210512,16200,,6.17283950617284e-05,mock_210512
K116,mock,2to1,100ug,"Acro B.1.351
RBD",210512,16200,,6.17283950617284e-05,mock_210512
K119,mock,2to1,100ug,"Acro B.1.351
RBD",210512,16200,,6.17283950617284e-05,mock_210512
REGN10987,mock,2to1,100ug,"Acro B.1.351
RBD",210512,16200,0.906699978,6.17283950617284e-05,mock_210512
K115,2x 2:1 depleted,2to1,100ug,"Acro B.1.351
RBD",210512,16200,,6.17283950617284e-05,2x 2:1 depleted_210512
K116,2x 2:1 depleted,2to1,100ug,"Acro B.1.351
RBD",210512,16200,,6.17283950617284e-05,2x 2:1 depleted_210512
K119,2x 2:1 depleted,2to1,100ug,"Acro B.1.351
RBD",210512,16200,,6.17283950617284e-05,2x 2:1 depleted_210512
REGN10987,2x 2:1 depleted,2to1,100ug,"Acro B.1.351
RBD",210512,16200,-0.013800003,6.17283950617284e-05,2x 2:1 depleted_210512
K006,mock,2to1,100ug,"IPD B.1.351
spike",210512,16200,,6.17283950617284e-05,mock_210512
K007,mock,2to1,100ug,"IPD B.1.351
spike",210512,16200,,6.17283950617284e-05,mock_210512
K031,mock,2to1,100ug,"IPD B.1.351
spike",210512,16200,,6.17283950617284e-05,mock_210512
K033,mock,2to1,100ug,"IPD B.1.351
spike",210512,16200,,6.17283950617284e-05,mock_210512
K040,mock,2to1,100ug,"IPD B.1.351
spike",210512,16200,,6.17283950617284e-05,mock_210512
K041,mock,2to1,100ug,"IPD B.1.351
spike",210512,16200,,6.17283950617284e-05,mock_210512
K046,mock,2to1,100ug,"IPD B.1.351
spike",210512,16200,,6.17283950617284e-05,mock_210512
K114,mock,2to1,100ug,"IPD B.1.351
spike",210512,16200,,6.17283950617284e-05,mock_210512
K006,2x 2:1 depleted,2to1,100ug,"IPD B.1.351
spike",210512,16200,,6.17283950617284e-05,2x 2:1 depleted_210512
K007,2x 2:1 depleted,2to1,100ug,"IPD B.1.351
spike",210512,16200,,6.17283950617284e-05,2x 2:1 depleted_210512
K031,2x 2:1 depleted,2to1,100ug,"IPD B.1.351
spike",210512,16200,,6.17283950617284e-05,2x 2:1 depleted_210512
K033,2x 2:1 depleted,2to1,100ug,"IPD B.1.351
spike",210512,16200,,6.17283950617284e-05,2x 2:1 depleted_210512
K040,2x 2:1 depleted,2to1,100ug,"IPD B.1.351
spike",210512,16200,,6.17283950617284e-05,2x 2:1 depleted_210512
K041,2x 2:1 depleted,2to1,100ug,"IPD B.1.351
spike",210512,16200,,6.17283950617284e-05,2x 2:1 depleted_210512
K046,2x 2:1 depleted,2to1,100ug,"IPD B.1.351
spike",210512,16200,,6.17283950617284e-05,2x 2:1 depleted_210512
K114,2x 2:1 depleted,2to1,100ug,"IPD B.1.351
spike",210512,16200,,6.17283950617284e-05,2x 2:1 depleted_210512
K115,mock,2to1,100ug,"IPD B.1.351
spike",210512,16200,,6.17283950617284e-05,mock_210512
K116,mock,2to1,100ug,"IPD B.1.351
spike",210512,16200,,6.17283950617284e-05,mock_210512
K119,mock,2to1,100ug,"IPD B.1.351
spike",210512,16200,,6.17283950617284e-05,mock_210512
REGN10987,mock,2to1,100ug,"IPD B.1.351
spike",210512,16200,0.848399997,6.17283950617284e-05,mock_210512
K115,2x 2:1 depleted,2to1,100ug,"IPD B.1.351
spike",210512,16200,,6.17283950617284e-05,2x 2:1 depleted_210512
K116,2x 2:1 depleted,2to1,100ug,"IPD B.1.351
spike",210512,16200,,6.17283950617284e-05,2x 2:1 depleted_210512
K119,2x 2:1 depleted,2to1,100ug,"IPD B.1.351
spike",210512,16200,,6.17283950617284e-05,2x 2:1 depleted_210512
REGN10987,2x 2:1 depleted,2to1,100ug,"IPD B.1.351
spike",210512,16200,-0.013900004,6.17283950617284e-05,2x 2:1 depleted_210512
K007,mock,3to1,100ug,"Acro B.1.351
RBD",210513,100,3.870000005,0.01,mock_210513
K031,mock,3to1,100ug,"Acro B.1.351
RBD",210513,100,3.625899963,0.01,mock_210513
K033,mock,3to1,100ug,"Acro B.1.351
RBD",210513,100,3.582000099,0.01,mock_210513
K040,mock,3to1,100ug,"Acro B.1.351
RBD",210513,100,3.662099913,0.01,mock_210513
K041,mock,3to1,100ug,"Acro B.1.351
RBD",210513,100,3.860300019,0.01,mock_210513
K046,mock,3to1,100ug,"Acro B.1.351
RBD",210513,100,3.384500027,0.01,mock_210513
K114,mock,3to1,100ug,"Acro B.1.351
RBD",210513,100,3.216799997,0.01,mock_210513
K119,mock,3to1,100ug,"Acro B.1.351
RBD",210513,100,3.255499884,0.01,mock_210513
K007,3x depleted,3to1,100ug,"Acro B.1.351
RBD",210513,100,0.459700014,0.01,3x depleted_210513
K031,3x depleted,3to1,100ug,"Acro B.1.351
RBD",210513,100,0.788799986,0.01,3x depleted_210513
K033,3x depleted,3to1,100ug,"Acro B.1.351
RBD",210513,100,1.376599986,0.01,3x depleted_210513
K040,3x depleted,3to1,100ug,"Acro B.1.351
RBD",210513,100,2.005799886,0.01,3x depleted_210513
K041,3x depleted,3to1,100ug,"Acro B.1.351
RBD",210513,100,1.02230005,0.01,3x depleted_210513
K046,3x depleted,3to1,100ug,"Acro B.1.351
RBD",210513,100,0.511800021,0.01,3x depleted_210513
K114,3x depleted,3to1,100ug,"Acro B.1.351
RBD",210513,100,0.452699982,0.01,3x depleted_210513
K119,3x depleted,3to1,100ug,"Acro B.1.351
RBD",210513,100,0.585599978,0.01,3x depleted_210513
K007,mock,3to1,100ug,"IPD B.1.351
spike",210513,100,3.083200082,0.01,mock_210513
K031,mock,3to1,100ug,"IPD B.1.351
spike",210513,100,2.991299972,0.01,mock_210513
K033,mock,3to1,100ug,"IPD B.1.351
spike",210513,100,3.097000055,0.01,mock_210513
K040,mock,3to1,100ug,"IPD B.1.351
spike",210513,100,3.337400071,0.01,mock_210513
K041,mock,3to1,100ug,"IPD B.1.351
spike",210513,100,3.265700094,0.01,mock_210513
K046,mock,3to1,100ug,"IPD B.1.351
spike",210513,100,3.350199908,0.01,mock_210513
K114,mock,3to1,100ug,"IPD B.1.351
spike",210513,100,3.44639992,0.01,mock_210513
K119,mock,3to1,100ug,"IPD B.1.351
spike",210513,100,3.335299961,0.01,mock_210513
K007,3x depleted,3to1,100ug,"IPD B.1.351
spike",210513,100,3.197099917,0.01,3x depleted_210513
K031,3x depleted,3to1,100ug,"IPD B.1.351
spike",210513,100,2.635200053,0.01,3x depleted_210513
K033,3x depleted,3to1,100ug,"IPD B.1.351
spike",210513,100,3.015799992,0.01,3x depleted_210513
K040,3x depleted,3to1,100ug,"IPD B.1.351
spike",210513,100,3.085299928,0.01,3x depleted_210513
K041,3x depleted,3to1,100ug,"IPD B.1.351
spike",210513,100,3.18370004,0.01,3x depleted_210513
K046,3x depleted,3to1,100ug,"IPD B.1.351
spike",210513,100,2.901399896,0.01,3x depleted_210513
K114,3x depleted,3to1,100ug,"IPD B.1.351
spike",210513,100,3.374900103,0.01,3x depleted_210513
K119,3x depleted,3to1,100ug,"IPD B.1.351
spike",210513,100,2.602899991,0.01,3x depleted_210513
K007,mock,3to1,100ug,"Acro B.1.351
RBD",210513,300,3.123000026,0.0033333333333333335,mock_210513
K031,mock,3to1,100ug,"Acro B.1.351
RBD",210513,300,3.078200035,0.0033333333333333335,mock_210513
K033,mock,3to1,100ug,"Acro B.1.351
RBD",210513,300,3.638300024,0.0033333333333333335,mock_210513
K040,mock,3to1,100ug,"Acro B.1.351
RBD",210513,300,3.366200045,0.0033333333333333335,mock_210513
K041,mock,3to1,100ug,"Acro B.1.351
RBD",210513,300,3.302600101,0.0033333333333333335,mock_210513
K046,mock,3to1,100ug,"Acro B.1.351
RBD",210513,300,3.034699917,0.0033333333333333335,mock_210513
K114,mock,3to1,100ug,"Acro B.1.351
RBD",210513,300,2.792200111,0.0033333333333333335,mock_210513
K119,mock,3to1,100ug,"Acro B.1.351
RBD",210513,300,2.555199906,0.0033333333333333335,mock_210513
K007,3x depleted,3to1,100ug,"Acro B.1.351
RBD",210513,300,0.203900006,0.0033333333333333335,3x depleted_210513
K031,3x depleted,3to1,100ug,"Acro B.1.351
RBD",210513,300,0.302000001,0.0033333333333333335,3x depleted_210513
K033,3x depleted,3to1,100ug,"Acro B.1.351
RBD",210513,300,0.747299988,0.0033333333333333335,3x depleted_210513
K040,3x depleted,3to1,100ug,"Acro B.1.351
RBD",210513,300,1.284100052,0.0033333333333333335,3x depleted_210513
K041,3x depleted,3to1,100ug,"Acro B.1.351
RBD",210513,300,0.525300011,0.0033333333333333335,3x depleted_210513
K046,3x depleted,3to1,100ug,"Acro B.1.351
RBD",210513,300,0.267100006,0.0033333333333333335,3x depleted_210513
K114,3x depleted,3to1,100ug,"Acro B.1.351
RBD",210513,300,0.240000002,0.0033333333333333335,3x depleted_210513
K119,3x depleted,3to1,100ug,"Acro B.1.351
RBD",210513,300,0.300400008,0.0033333333333333335,3x depleted_210513
K007,mock,3to1,100ug,"IPD B.1.351
spike",210513,300,3.104600057,0.0033333333333333335,mock_210513
K031,mock,3to1,100ug,"IPD B.1.351
spike",210513,300,2.724000081,0.0033333333333333335,mock_210513
K033,mock,3to1,100ug,"IPD B.1.351
spike",210513,300,3.169599943,0.0033333333333333335,mock_210513
K040,mock,3to1,100ug,"IPD B.1.351
spike",210513,300,2.844200008,0.0033333333333333335,mock_210513
K041,mock,3to1,100ug,"IPD B.1.351
spike",210513,300,3.119299881,0.0033333333333333335,mock_210513
K046,mock,3to1,100ug,"IPD B.1.351
spike",210513,300,2.916300029,0.0033333333333333335,mock_210513
K114,mock,3to1,100ug,"IPD B.1.351
spike",210513,300,2.993900053,0.0033333333333333335,mock_210513
K119,mock,3to1,100ug,"IPD B.1.351
spike",210513,300,2.742099993,0.0033333333333333335,mock_210513
K007,3x depleted,3to1,100ug,"IPD B.1.351
spike",210513,300,2.977499954,0.0033333333333333335,3x depleted_210513
K031,3x depleted,3to1,100ug,"IPD B.1.351
spike",210513,300,2.399999887,0.0033333333333333335,3x depleted_210513
K033,3x depleted,3to1,100ug,"IPD B.1.351
spike",210513,300,2.622600071,0.0033333333333333335,3x depleted_210513
K040,3x depleted,3to1,100ug,"IPD B.1.351
spike",210513,300,2.704299886,0.0033333333333333335,3x depleted_210513
K041,3x depleted,3to1,100ug,"IPD B.1.351
spike",210513,300,2.859199956,0.0033333333333333335,3x depleted_210513
K046,3x depleted,3to1,100ug,"IPD B.1.351
spike",210513,300,2.51169996,0.0033333333333333335,3x depleted_210513
K114,3x depleted,3to1,100ug,"IPD B.1.351
spike",210513,300,3.061500072,0.0033333333333333335,3x depleted_210513
K119,3x depleted,3to1,100ug,"IPD B.1.351
spike",210513,300,2.270899974,0.0033333333333333335,3x depleted_210513
K007,mock,3to1,100ug,"Acro B.1.351
RBD",210513,900,2.381800056,0.0011111111111111111,mock_210513
K031,mock,3to1,100ug,"Acro B.1.351
RBD",210513,900,2.679200105,0.0011111111111111111,mock_210513
K033,mock,3to1,100ug,"Acro B.1.351
RBD",210513,900,3.16360005,0.0011111111111111111,mock_210513
K040,mock,3to1,100ug,"Acro B.1.351
RBD",210513,900,3.086099938,0.0011111111111111111,mock_210513
K041,mock,3to1,100ug,"Acro B.1.351
RBD",210513,900,2.644600108,0.0011111111111111111,mock_210513
K046,mock,3to1,100ug,"Acro B.1.351
RBD",210513,900,2.348400116,0.0011111111111111111,mock_210513
K114,mock,3to1,100ug,"Acro B.1.351
RBD",210513,900,1.915999912,0.0011111111111111111,mock_210513
K119,mock,3to1,100ug,"Acro B.1.351
RBD",210513,900,1.798600003,0.0011111111111111111,mock_210513
K007,3x depleted,3to1,100ug,"Acro B.1.351
RBD",210513,900,0.107299995,0.0011111111111111111,3x depleted_210513
K031,3x depleted,3to1,100ug,"Acro B.1.351
RBD",210513,900,0.175799996,0.0011111111111111111,3x depleted_210513
K033,3x depleted,3to1,100ug,"Acro B.1.351
RBD",210513,900,0.29790001,0.0011111111111111111,3x depleted_210513
K040,3x depleted,3to1,100ug,"Acro B.1.351
RBD",210513,900,0.597199973,0.0011111111111111111,3x depleted_210513
K041,3x depleted,3to1,100ug,"Acro B.1.351
RBD",210513,900,0.23650001,0.0011111111111111111,3x depleted_210513
K046,3x depleted,3to1,100ug,"Acro B.1.351
RBD",210513,900,0.113399997,0.0011111111111111111,3x depleted_210513
K114,3x depleted,3to1,100ug,"Acro B.1.351
RBD",210513,900,0.088000007,0.0011111111111111111,3x depleted_210513
K119,3x depleted,3to1,100ug,"Acro B.1.351
RBD",210513,900,0.150600005,0.0011111111111111111,3x depleted_210513
K007,mock,3to1,100ug,"IPD B.1.351
spike",210513,900,2.530300006,0.0011111111111111111,mock_210513
K031,mock,3to1,100ug,"IPD B.1.351
spike",210513,900,2.245499954,0.0011111111111111111,mock_210513
K033,mock,3to1,100ug,"IPD B.1.351
spike",210513,900,2.355299883,0.0011111111111111111,mock_210513
K040,mock,3to1,100ug,"IPD B.1.351
spike",210513,900,2.516100042,0.0011111111111111111,mock_210513
K041,mock,3to1,100ug,"IPD B.1.351
spike",210513,900,2.592799895,0.0011111111111111111,mock_210513
K046,mock,3to1,100ug,"IPD B.1.351
spike",210513,900,2.35890004,0.0011111111111111111,mock_210513
K114,mock,3to1,100ug,"IPD B.1.351
spike",210513,900,2.644099943,0.0011111111111111111,mock_210513
K119,mock,3to1,100ug,"IPD B.1.351
spike",210513,900,2.04830002,0.0011111111111111111,mock_210513
K007,3x depleted,3to1,100ug,"IPD B.1.351
spike",210513,900,1.856600039,0.0011111111111111111,3x depleted_210513
K031,3x depleted,3to1,100ug,"IPD B.1.351
spike",210513,900,1.878999978,0.0011111111111111111,3x depleted_210513
K033,3x depleted,3to1,100ug,"IPD B.1.351
spike",210513,900,2.339900009,0.0011111111111111111,3x depleted_210513
K040,3x depleted,3to1,100ug,"IPD B.1.351
spike",210513,900,2.049900014,0.0011111111111111111,3x depleted_210513
K041,3x depleted,3to1,100ug,"IPD B.1.351
spike",210513,900,2.225500062,0.0011111111111111111,3x depleted_210513
K046,3x depleted,3to1,100ug,"IPD B.1.351
spike",210513,900,1.744100019,0.0011111111111111111,3x depleted_210513
K114,3x depleted,3to1,100ug,"IPD B.1.351
spike",210513,900,2.285200119,0.0011111111111111111,3x depleted_210513
K119,3x depleted,3to1,100ug,"IPD B.1.351
spike",210513,900,1.543199979,0.0011111111111111111,3x depleted_210513
K007,mock,3to1,100ug,"Acro B.1.351
RBD",210513,2700,1.682100058,0.00037037037037037035,mock_210513
K031,mock,3to1,100ug,"Acro B.1.351
RBD",210513,2700,1.802099995,0.00037037037037037035,mock_210513
K033,mock,3to1,100ug,"Acro B.1.351
RBD",210513,2700,2.505699955,0.00037037037037037035,mock_210513
K040,mock,3to1,100ug,"Acro B.1.351
RBD",210513,2700,2.522899941,0.00037037037037037035,mock_210513
K041,mock,3to1,100ug,"Acro B.1.351
RBD",210513,2700,1.832500055,0.00037037037037037035,mock_210513
K046,mock,3to1,100ug,"Acro B.1.351
RBD",210513,2700,1.472000003,0.00037037037037037035,mock_210513
K114,mock,3to1,100ug,"Acro B.1.351
RBD",210513,2700,0.958799981,0.00037037037037037035,mock_210513
K119,mock,3to1,100ug,"Acro B.1.351
RBD",210513,2700,1.074299976,0.00037037037037037035,mock_210513
K007,3x depleted,3to1,100ug,"Acro B.1.351
RBD",210513,2700,0.0381,0.00037037037037037035,3x depleted_210513
K031,3x depleted,3to1,100ug,"Acro B.1.351
RBD",210513,2700,0.044399999,0.00037037037037037035,3x depleted_210513
K033,3x depleted,3to1,100ug,"Acro B.1.351
RBD",210513,2700,0.093400005,0.00037037037037037035,3x depleted_210513
K040,3x depleted,3to1,100ug,"Acro B.1.351
RBD",210513,2700,0.275999989,0.00037037037037037035,3x depleted_210513
K041,3x depleted,3to1,100ug,"Acro B.1.351
RBD",210513,2700,0.086099997,0.00037037037037037035,3x depleted_210513
K046,3x depleted,3to1,100ug,"Acro B.1.351
RBD",210513,2700,0.041000001,0.00037037037037037035,3x depleted_210513
K114,3x depleted,3to1,100ug,"Acro B.1.351
RBD",210513,2700,0.035400003,0.00037037037037037035,3x depleted_210513
K119,3x depleted,3to1,100ug,"Acro B.1.351
RBD",210513,2700,0.0746,0.00037037037037037035,3x depleted_210513
K007,mock,3to1,100ug,"IPD B.1.351
spike",210513,2700,1.851700053,0.00037037037037037035,mock_210513
K031,mock,3to1,100ug,"IPD B.1.351
spike",210513,2700,1.493999943,0.00037037037037037035,mock_210513
K033,mock,3to1,100ug,"IPD B.1.351
spike",210513,2700,2.107700042,0.00037037037037037035,mock_210513
K040,mock,3to1,100ug,"IPD B.1.351
spike",210513,2700,1.960199945,0.00037037037037037035,mock_210513
K041,mock,3to1,100ug,"IPD B.1.351
spike",210513,2700,1.863000028,0.00037037037037037035,mock_210513
K046,mock,3to1,100ug,"IPD B.1.351
spike",210513,2700,1.529100031,0.00037037037037037035,mock_210513
K114,mock,3to1,100ug,"IPD B.1.351
spike",210513,2700,1.774999969,0.00037037037037037035,mock_210513
K119,mock,3to1,100ug,"IPD B.1.351
spike",210513,2700,1.104699962,0.00037037037037037035,mock_210513
K007,3x depleted,3to1,100ug,"IPD B.1.351
spike",210513,2700,1.106700055,0.00037037037037037035,3x depleted_210513
K031,3x depleted,3to1,100ug,"IPD B.1.351
spike",210513,2700,0.786500007,0.00037037037037037035,3x depleted_210513
K033,3x depleted,3to1,100ug,"IPD B.1.351
spike",210513,2700,1.497599952,0.00037037037037037035,3x depleted_210513
K040,3x depleted,3to1,100ug,"IPD B.1.351
spike",210513,2700,1.255600054,0.00037037037037037035,3x depleted_210513
K041,3x depleted,3to1,100ug,"IPD B.1.351
spike",210513,2700,1.310700014,0.00037037037037037035,3x depleted_210513
K046,3x depleted,3to1,100ug,"IPD B.1.351
spike",210513,2700,0.828999981,0.00037037037037037035,3x depleted_210513
K114,3x depleted,3to1,100ug,"IPD B.1.351
spike",210513,2700,1.399000049,0.00037037037037037035,3x depleted_210513
K119,3x depleted,3to1,100ug,"IPD B.1.351
spike",210513,2700,0.66389998,0.00037037037037037035,3x depleted_210513
K007,mock,3to1,100ug,"Acro B.1.351
RBD",210513,8100,0.787800014,0.0001234567901234568,mock_210513
K031,mock,3to1,100ug,"Acro B.1.351
RBD",210513,8100,0.795199983,0.0001234567901234568,mock_210513
K033,mock,3to1,100ug,"Acro B.1.351
RBD",210513,8100,1.693999968,0.0001234567901234568,mock_210513
K040,mock,3to1,100ug,"Acro B.1.351
RBD",210513,8100,1.265500024,0.0001234567901234568,mock_210513
K041,mock,3to1,100ug,"Acro B.1.351
RBD",210513,8100,0.939899996,0.0001234567901234568,mock_210513
K046,mock,3to1,100ug,"Acro B.1.351
RBD",210513,8100,0.574699998,0.0001234567901234568,mock_210513
K114,mock,3to1,100ug,"Acro B.1.351
RBD",210513,8100,0.323299997,0.0001234567901234568,mock_210513
K119,mock,3to1,100ug,"Acro B.1.351
RBD",210513,8100,0.421800002,0.0001234567901234568,mock_210513
K007,3x depleted,3to1,100ug,"Acro B.1.351
RBD",210513,8100,0.071600001,0.0001234567901234568,3x depleted_210513
K031,3x depleted,3to1,100ug,"Acro B.1.351
RBD",210513,8100,0.027499996,0.0001234567901234568,3x depleted_210513
K033,3x depleted,3to1,100ug,"Acro B.1.351
RBD",210513,8100,0.057600003,0.0001234567901234568,3x depleted_210513
K040,3x depleted,3to1,100ug,"Acro B.1.351
RBD",210513,8100,0.114700001,0.0001234567901234568,3x depleted_210513
K041,3x depleted,3to1,100ug,"Acro B.1.351
RBD",210513,8100,0.077600002,0.0001234567901234568,3x depleted_210513
K046,3x depleted,3to1,100ug,"Acro B.1.351
RBD",210513,8100,0.070299998,0.0001234567901234568,3x depleted_210513
K114,3x depleted,3to1,100ug,"Acro B.1.351
RBD",210513,8100,0.089400001,0.0001234567901234568,3x depleted_210513
K119,3x depleted,3to1,100ug,"Acro B.1.351
RBD",210513,8100,0.126199994,0.0001234567901234568,3x depleted_210513
K007,mock,3to1,100ug,"IPD B.1.351
spike",210513,8100,0.932399973,0.0001234567901234568,mock_210513
K031,mock,3to1,100ug,"IPD B.1.351
spike",210513,8100,0.915400013,0.0001234567901234568,mock_210513
K033,mock,3to1,100ug,"IPD B.1.351
spike",210513,8100,1.423399977,0.0001234567901234568,mock_210513
K040,mock,3to1,100ug,"IPD B.1.351
spike",210513,8100,1.092599981,0.0001234567901234568,mock_210513
K041,mock,3to1,100ug,"IPD B.1.351
spike",210513,8100,1.073699944,0.0001234567901234568,mock_210513
K046,mock,3to1,100ug,"IPD B.1.351
spike",210513,8100,0.673400015,0.0001234567901234568,mock_210513
K114,mock,3to1,100ug,"IPD B.1.351
spike",210513,8100,0.871999972,0.0001234567901234568,mock_210513
K119,mock,3to1,100ug,"IPD B.1.351
spike",210513,8100,0.477100007,0.0001234567901234568,mock_210513
K007,3x depleted,3to1,100ug,"IPD B.1.351
spike",210513,8100,0.506799988,0.0001234567901234568,3x depleted_210513
K031,3x depleted,3to1,100ug,"IPD B.1.351
spike",210513,8100,0.387400001,0.0001234567901234568,3x depleted_210513
K033,3x depleted,3to1,100ug,"IPD B.1.351
spike",210513,8100,0.708400004,0.0001234567901234568,3x depleted_210513
K040,3x depleted,3to1,100ug,"IPD B.1.351
spike",210513,8100,0.507500011,0.0001234567901234568,3x depleted_210513
K041,3x depleted,3to1,100ug,"IPD B.1.351
spike",210513,8100,0.559600011,0.0001234567901234568,3x depleted_210513
K046,3x depleted,3to1,100ug,"IPD B.1.351
spike",210513,8100,0.340399995,0.0001234567901234568,3x depleted_210513
K114,3x depleted,3to1,100ug,"IPD B.1.351
spike",210513,8100,0.763199985,0.0001234567901234568,3x depleted_210513
K119,3x depleted,3to1,100ug,"IPD B.1.351
spike",210513,8100,0.241699986,0.0001234567901234568,3x depleted_210513
